,Unnamed: 0,original_trace,alignment,splits_key,population_size,num_generations,halloffame_ratio,status,cost,time_dataset_generation,time_automata_learning,time_alignment,use_cache
0,0.0,"[2720, 365, 1634, 1229, 140, 351, 1664, 160, 1534, 1233, 618, 267, 2490, 213, 2483, 89, 273, 665, 352, 222, 2265, 2612, 429, 2492, 2827, 532, 1002, 202, 821, 1615, 1284, 830, 176, 1116, 2626, 23, 415, 1988, 694, 133, 1536, 510, 290, 152, 204, 1034, 1273, 289, 462, 165]","['sync_2720', 'sync_365', 'sync_1634', 'sync_1229', 'sync_140', 'sync_351', 'sync_1664', 'sync_160', 'sync_1534', 'sync_1233', 'sync_618', 'sync_267', 'sync_2490', 'sync_213', 'sync_2483', 'sync_89', 'sync_273', 'sync_665', 'sync_352', 'sync_222', 'sync_2265', 'sync_2612', 'sync_429', 'sync_2492', 'sync_2827', 'sync_532', 'sync_1002', 'sync_202', 'sync_821', 'sync_1615', 'sync_1284', 'sync_830', 'sync_176', 'sync_1116', 'sync_2626', 'sync_23', 'sync_415', 'sync_1988', 'sync_694', 'sync_133', 'sync_1536', 'sync_510', 'sync_290', 'sync_152', 'sync_204', 'sync_1034', 'sync_1273', 'sync_289', 'sync_462', 'del_165', 'add_220']",1_mut,1000,20,0.5,bad,2,59.92046332359314,0.4790050983428955,8.801706075668335,True
1,,"[2720, 365, 1634, 1229, 140, 351, 1664, 160, 1534, 1233, 618, 267, 2490, 213, 2483, 89, 273, 665, 352, 222, 2265, 2612, 429, 2492, 2827, 532, 1002, 202, 821, 1615, 1284, 830, 176, 1116, 2626, 23, 415, 1988, 694, 133, 1536, 510, 290, 152, 204, 1034, 1273, 289, 462, 165]","['sync_2720', 'sync_365', 'sync_1634', 'sync_1229', 'sync_140', 'sync_351', 'sync_1664', 'sync_160', 'sync_1534', 'sync_1233', 'sync_618', 'sync_267', 'sync_2490', 'sync_213', 'sync_2483', 'sync_89', 'sync_273', 'sync_665', 'sync_352', 'sync_222', 'sync_2265', 'sync_2612', 'sync_429', 'sync_2492', 'sync_2827', 'sync_532', 'sync_1002', 'sync_202', 'sync_821', 'sync_1615', 'sync_1284', 'sync_830', 'sync_176', 'sync_1116', 'sync_2626', 'sync_23', 'sync_415', 'sync_1988', 'sync_694', 'sync_133', 'sync_1536', 'sync_510', 'sync_290', 'sync_152', 'sync_204', 'sync_1034', 'sync_1273', 'sync_289', 'sync_462', 'del_165', 'add_220']",1_mut,1000,20,0.5,bad,2,21.39707374572754,0.46550726890563965,8.78187108039856,True
2,,"[713, 1624, 415, 2044, 391, 610, 727, 38, 1046, 1863, 723, 756, 427, 1738, 1645, 2142, 609, 1461, 633, 12, 2, 36, 422, 1796, 420, 26, 1254, 630, 1462, 339, 986, 1922, 1629, 1284, 1535, 1492, 961, 1583, 849, 666, 1527, 1458, 662, 560, 1093, 670, 421, 1450, 536, 719]","['sync_713', 'sync_1624', 'sync_415', 'sync_2044', 'sync_391', 'sync_610', 'sync_727', 'sync_38', 'sync_1046', 'sync_1863', 'sync_723', 'sync_756', 'sync_427', 'sync_1738', 'sync_1645', 'sync_2142', 'sync_609', 'sync_1461', 'sync_633', 'sync_12', 'sync_2', 'sync_36', 'sync_422', 'sync_1796', 'sync_420', 'sync_26', 'sync_1254', 'sync_630', 'sync_1462', 'sync_339', 'sync_986', 'sync_1922', 'sync_1629', 'sync_1284', 'sync_1535', 'sync_1492', 'sync_961', 'sync_1583', 'sync_849', 'sync_666', 'sync_1527', 'sync_1458', 'sync_662', 'sync_560', 'sync_1093', 'sync_670', 'sync_421', 'sync_1450', 'sync_536', 'add_659', 'del_719']",1_mut,1000,20,0.5,good,2,37.19498586654663,0.5039019584655762,9.051791191101074,True
3,,"[154, 799, 1341, 65, 172, 214, 184, 536, 1463, 598, 274, 1510, 1034, 207, 540, 412, 2475, 1616, 244]","['sync_154', 'sync_799', 'sync_1341', 'sync_65', 'sync_172', 'sync_214', 'sync_184', 'sync_536', 'sync_1463', 'sync_598', 'sync_274', 'sync_1510', 'sync_1034', 'sync_207', 'sync_540', 'sync_412', 'sync_2475', 'sync_1616', 'del_244', 'add_2196']",1_mut,1000,20,0.5,good,2,36.565497159957886,0.27967119216918945,5.571347236633301,True
4,,"[207, 382, 771, 1622, 200, 178, 135, 316, 1309, 185, 23, 866, 2495, 724, 1121, 1493, 649, 697, 1652, 2456, 1664, 634, 548, 1595, 97, 45, 612, 999, 744, 78, 749, 377, 715, 990, 991, 616, 1009, 1006, 734, 539, 65, 323, 971, 677, 1004, 587, 841, 1475, 656, 295]","['sync_207', 'sync_382', 'sync_771', 'sync_1622', 'sync_200', 'sync_178', 'sync_135', 'sync_316', 'sync_1309', 'sync_185', 'sync_23', 'sync_866', 'sync_2495', 'sync_724', 'sync_1121', 'sync_1493', 'sync_649', 'sync_697', 'sync_1652', 'sync_2456', 'sync_1664', 'sync_634', 'sync_548', 'sync_1595', 'sync_97', 'sync_45', 'sync_612', 'sync_999', 'sync_744', 'sync_78', 'sync_749', 'sync_377', 'sync_715', 'sync_990', 'sync_991', 'sync_616', 'sync_1009', 'sync_1006', 'sync_734', 'sync_539', 'sync_65', 'sync_323', 'sync_971', 'sync_677', 'sync_1004', 'sync_587', 'sync_841', 'sync_1475', 'sync_656', 'del_295', 'add_2065']",1_mut,1000,20,0.5,good,2,38.165982246398926,0.42595624923706055,8.121109962463379,True
5,,"[755, 87, 1008, 1842, 1191, 1725, 2014, 1251, 760, 1838, 606, 1716, 108, 1260, 1210, 1327, 1723, 565, 1064, 1724, 134, 1727, 967, 1134, 2017, 879, 955, 1656, 1185, 2783, 1715, 1190, 2165, 1837, 1054, 2959, 1720, 1030, 1096, 1990, 1243, 1979, 627, 2674, 1049, 2021, 2976, 3366, 935, 1058]","['sync_755', 'sync_87', 'sync_1008', 'sync_1842', 'sync_1191', 'sync_1725', 'sync_2014', 'sync_1251', 'sync_760', 'sync_1838', 'sync_606', 'sync_1716', 'sync_108', 'sync_1260', 'sync_1210', 'sync_1327', 'sync_1723', 'sync_565', 'sync_1064', 'sync_1724', 'sync_134', 'sync_1727', 'sync_967', 'sync_1134', 'sync_2017', 'sync_879', 'sync_955', 'sync_1656', 'sync_1185', 'sync_2783', 'sync_1715', 'sync_1190', 'sync_2165', 'sync_1837', 'sync_1054', 'sync_2959', 'sync_1720', 'sync_1030', 'sync_1096', 'sync_1990', 'sync_1243', 'sync_1979', 'sync_627', 'sync_2674', 'sync_1049', 'sync_2021', 'sync_2976', 'sync_3366', 'sync_935', 'del_1058', 'add_780']",1_mut,1000,20,0.5,good,2,38.06425070762634,0.44707322120666504,5.594469308853149,True
6,,"[1346, 669, 648, 198, 1315, 1334, 423, 1342, 658, 1773, 1380, 1175, 1089, 908, 622, 2892, 3284, 2469, 2797, 811, 914, 576, 2885, 2147, 2609, 1834, 2828, 1383, 1181, 700, 2206, 182, 1771, 1318, 1867, 1092, 2115, 1608, 936, 1057, 1109, 2883, 1826, 2607, 1153, 1138, 1204, 2544, 2137, 2055]","['sync_1346', 'sync_669', 'sync_648', 'sync_198', 'sync_1315', 'sync_1334', 'sync_423', 'sync_1342', 'sync_658', 'sync_1773', 'sync_1380', 'sync_1175', 'sync_1089', 'sync_908', 'sync_622', 'sync_2892', 'sync_3284', 'sync_2469', 'sync_2797', 'sync_811', 'sync_914', 'sync_576', 'sync_2885', 'sync_2147', 'sync_2609', 'sync_1834', 'sync_2828', 'sync_1383', 'sync_1181', 'sync_700', 'sync_2206', 'sync_182', 'sync_1771', 'sync_1318', 'sync_1867', 'sync_1092', 'sync_2115', 'sync_1608', 'sync_936', 'sync_1057', 'sync_1109', 'sync_2883', 'sync_1826', 'sync_2607', 'sync_1153', 'sync_1138', 'sync_1204', 'sync_2544', 'sync_2137', 'del_2055', 'add_2448']",1_mut,1000,20,0.5,good,2,38.12514090538025,0.4658980369567871,5.895083904266357,True
7,,"[3430, 1371, 658, 595, 24, 339, 1238, 2572, 1232, 560, 247, 1250, 744, 1451, 2233, 1241, 961, 122, 986, 946]","['sync_3430', 'sync_1371', 'sync_658', 'sync_595', 'sync_24', 'sync_339', 'sync_1238', 'sync_2572', 'sync_1232', 'sync_560', 'sync_247', 'sync_1250', 'sync_744', 'sync_1451', 'sync_2233', 'sync_1241', 'sync_961', 'sync_122', 'sync_986', 'del_946', 'add_3199']",1_mut,1000,20,0.5,bad,2,36.6930570602417,0.24031686782836914,4.1625189781188965,True
8,,"[1003, 426, 920, 502, 2043, 312, 219, 930, 892, 45, 125, 128, 140, 210, 435, 670, 93, 49, 137, 216, 217, 1155, 65, 209, 1229, 200, 644, 214, 211, 712, 1081, 278, 58, 1476, 196, 152, 111, 588, 1836, 151, 161, 896, 114, 121, 80, 156, 190, 1482, 149, 776]","['sync_1003', 'sync_426', 'sync_920', 'sync_502', 'sync_2043', 'sync_312', 'sync_219', 'sync_930', 'sync_892', 'sync_45', 'sync_125', 'sync_128', 'sync_140', 'sync_210', 'sync_435', 'sync_670', 'sync_93', 'sync_49', 'sync_137', 'sync_216', 'sync_217', 'sync_1155', 'sync_65', 'sync_209', 'sync_1229', 'sync_200', 'sync_644', 'sync_214', 'sync_211', 'sync_712', 'sync_1081', 'sync_278', 'sync_58', 'sync_1476', 'sync_196', 'sync_152', 'sync_111', 'sync_588', 'sync_1836', 'sync_151', 'sync_161', 'sync_896', 'sync_114', 'sync_121', 'sync_80', 'sync_156', 'sync_190', 'sync_1482', 'sync_149', 'del_776', 'add_1984']",1_mut,1000,20,0.5,good,2,38.93428826332092,0.479093074798584,7.040279865264893,True
9,,"[1518, 563, 178, 2270, 601, 634, 200, 618, 724, 1002, 41, 8, 176, 643, 1664, 184, 757, 1648, 1299, 742, 421, 798, 720, 418, 727, 1762, 719, 796, 1372, 1159, 1127, 213, 210, 1536, 214, 274, 1501, 869, 595, 947, 1112, 1131, 1926, 1977, 9, 633, 610, 47, 683, 1047]","['sync_1518', 'sync_563', 'sync_178', 'sync_2270', 'sync_601', 'sync_634', 'sync_200', 'sync_618', 'sync_724', 'sync_1002', 'sync_41', 'sync_8', 'sync_176', 'sync_643', 'sync_1664', 'sync_184', 'sync_757', 'sync_1648', 'sync_1299', 'sync_742', 'sync_421', 'sync_798', 'sync_720', 'sync_418', 'sync_727', 'sync_1762', 'sync_719', 'sync_796', 'sync_1372', 'sync_1159', 'sync_1127', 'sync_213', 'sync_210', 'sync_1536', 'sync_214', 'sync_274', 'sync_1501', 'sync_869', 'sync_595', 'sync_947', 'sync_1112', 'sync_1131', 'sync_1926', 'sync_1977', 'sync_9', 'sync_633', 'sync_610', 'sync_47', 'sync_683', 'del_1047', 'add_1702']",1_mut,1000,20,0.5,good,2,40.24186325073242,0.489642858505249,8.764028072357178,True
10,,"[421, 1136, 714, 138, 42, 635, 3013, 2326, 39, 2204, 762, 1416, 152, 281, 1853, 211, 744, 1692, 133, 377, 53, 40, 449, 10, 2042, 172, 23, 549, 793, 8, 274, 317, 56, 1500, 2164, 1042, 178, 1385, 27, 65, 187, 1510, 157, 1532, 243, 1929, 917, 218, 647, 539]","['sync_421', 'sync_1136', 'sync_714', 'sync_138', 'sync_42', 'sync_635', 'sync_3013', 'sync_2326', 'sync_39', 'sync_2204', 'sync_762', 'sync_1416', 'sync_152', 'sync_281', 'sync_1853', 'sync_211', 'sync_744', 'sync_1692', 'sync_133', 'sync_377', 'sync_53', 'sync_40', 'sync_449', 'sync_10', 'sync_2042', 'sync_172', 'sync_23', 'sync_549', 'sync_793', 'sync_8', 'sync_274', 'sync_317', 'sync_56', 'sync_1500', 'sync_2164', 'sync_1042', 'sync_178', 'sync_1385', 'sync_27', 'sync_65', 'sync_187', 'sync_1510', 'sync_157', 'sync_1532', 'sync_243', 'sync_1929', 'sync_917', 'sync_218', 'sync_647', 'del_539', 'add_1788']",1_mut,1000,20,0.5,good,2,40.72039294242859,0.40419507026672363,7.5870521068573,True
11,,"[645, 739, 620, 969, 642, 1260, 865, 631, 87, 2020, 99, 556, 1076, 763, 565, 134, 108, 1185, 1210, 1997, 1104, 1727, 1134, 1725, 1243, 1979, 1096, 1064, 1054, 935, 1095, 613, 721, 583, 643, 20, 559, 574, 843, 1038, 623, 679, 674, 742, 569, 657, 1084, 188, 1342, 1067]","['sync_645', 'sync_739', 'sync_620', 'sync_969', 'sync_642', 'sync_1260', 'sync_865', 'sync_631', 'sync_87', 'sync_2020', 'sync_99', 'sync_556', 'sync_1076', 'sync_763', 'sync_565', 'sync_134', 'sync_108', 'sync_1185', 'sync_1210', 'sync_1997', 'sync_1104', 'sync_1727', 'sync_1134', 'sync_1725', 'sync_1243', 'sync_1979', 'sync_1096', 'sync_1064', 'sync_1054', 'sync_935', 'sync_1095', 'sync_613', 'sync_721', 'sync_583', 'sync_643', 'sync_20', 'sync_559', 'sync_574', 'sync_843', 'sync_1038', 'sync_623', 'sync_679', 'sync_674', 'sync_742', 'sync_569', 'sync_657', 'sync_1084', 'sync_188', 'sync_1342', 'del_1067', 'add_711']",1_mut,1000,20,0.5,good,2,41.84748601913452,0.4944629669189453,7.241096258163452,True
12,,"[1272, 33, 65, 793, 42, 727, 400, 1349, 2042, 1463, 199, 1390, 1624, 1962, 375, 1235, 1248, 1398, 696, 1043, 2102, 1547, 257, 373, 980, 318, 39, 17, 1769, 898]","['sync_1272', 'sync_33', 'sync_65', 'sync_793', 'sync_42', 'sync_727', 'sync_400', 'sync_1349', 'sync_2042', 'sync_1463', 'sync_199', 'sync_1390', 'sync_1624', 'sync_1962', 'sync_375', 'sync_1235', 'sync_1248', 'sync_1398', 'sync_696', 'sync_1043', 'sync_2102', 'sync_1547', 'sync_257', 'sync_373', 'sync_980', 'sync_318', 'sync_39', 'sync_17', 'sync_1769', 'del_898', 'add_2008']",1_mut,1000,20,0.5,bad,2,40.72970485687256,0.30484986305236816,5.613903045654297,True
13,,"[45, 189, 2439, 2192, 65, 66, 110, 2786, 426, 1073, 435, 670, 1666, 147, 1193, 2551, 679, 7, 214, 1844, 137, 140, 729, 210, 1110, 44, 474, 431, 301, 133, 715, 1155, 218, 187, 211, 256, 588, 123, 387, 433, 63, 79, 278, 1019, 196, 118]","['sync_45', 'sync_189', 'sync_2439', 'sync_2192', 'sync_65', 'sync_66', 'sync_110', 'sync_2786', 'sync_426', 'sync_1073', 'sync_435', 'sync_670', 'sync_1666', 'sync_147', 'sync_1193', 'sync_2551', 'sync_679', 'sync_7', 'sync_214', 'sync_1844', 'sync_137', 'sync_140', 'sync_729', 'sync_210', 'sync_1110', 'sync_44', 'sync_474', 'sync_431', 'sync_301', 'sync_133', 'sync_715', 'sync_1155', 'sync_218', 'sync_187', 'sync_211', 'sync_256', 'sync_588', 'sync_123', 'sync_387', 'sync_433', 'sync_63', 'sync_79', 'sync_278', 'sync_1019', 'sync_196', 'del_118', 'add_2021']",1_mut,1000,20,0.5,good,2,41.68709397315979,0.5020270347595215,7.988913297653198,True
14,,"[63, 61, 114, 644, 1475, 27, 1005, 1004, 190, 1019, 323, 1006, 1018, 620, 604, 677, 768, 161, 513, 985, 1588, 725, 559, 865, 1711, 809, 2557, 1120, 645, 755, 87, 1249, 2556, 1076, 1210, 134, 1727, 168, 260, 435, 129, 796, 128, 277, 662, 106, 163, 55, 719, 547]","['sync_63', 'sync_61', 'sync_114', 'sync_644', 'sync_1475', 'sync_27', 'sync_1005', 'sync_1004', 'sync_190', 'sync_1019', 'sync_323', 'sync_1006', 'sync_1018', 'sync_620', 'sync_604', 'sync_677', 'sync_768', 'sync_161', 'sync_513', 'sync_985', 'sync_1588', 'sync_725', 'sync_559', 'sync_865', 'sync_1711', 'sync_809', 'sync_2557', 'sync_1120', 'sync_645', 'sync_755', 'sync_87', 'sync_1249', 'sync_2556', 'sync_1076', 'sync_1210', 'sync_134', 'sync_1727', 'sync_168', 'sync_260', 'sync_435', 'sync_129', 'sync_796', 'sync_128', 'sync_277', 'sync_662', 'sync_106', 'sync_163', 'sync_55', 'sync_719', 'del_547', 'add_2452']",1_mut,1000,20,0.5,good,2,40.569820165634155,0.3202362060546875,5.847697973251343,True
15,,"[578, 65, 28, 1432, 2079, 199, 1043, 1713, 80, 63, 265, 44, 152, 157, 1059, 133, 93, 49, 631, 433, 190, 134, 844, 79, 118, 105, 639, 1396, 51, 117, 90, 21, 402, 89, 336]","['sync_578', 'sync_65', 'sync_28', 'sync_1432', 'sync_2079', 'sync_199', 'sync_1043', 'sync_1713', 'sync_80', 'sync_63', 'sync_265', 'sync_44', 'sync_152', 'sync_157', 'sync_1059', 'sync_133', 'sync_93', 'sync_49', 'sync_631', 'sync_433', 'sync_190', 'sync_134', 'sync_844', 'sync_79', 'sync_118', 'sync_105', 'sync_639', 'sync_1396', 'sync_51', 'sync_117', 'sync_90', 'sync_21', 'sync_402', 'sync_89', 'del_336', 'add_3124']",1_mut,1000,20,0.5,good,2,38.76568913459778,0.28630709648132324,5.270043849945068,True
16,,"[538, 21, 516, 336, 190, 291, 366, 1012, 804, 503, 515, 2850, 535, 2399, 355, 1896, 90, 816, 1595, 872, 1865, 1187, 33, 146, 1277, 149, 552, 2471, 84, 1802, 619, 451, 397, 826, 984, 180, 165, 745, 1310, 1322, 1432, 353, 1055, 413, 668, 687, 332, 2867, 600, 658]","['sync_538', 'sync_21', 'sync_516', 'sync_336', 'sync_190', 'sync_291', 'sync_366', 'sync_1012', 'sync_804', 'sync_503', 'sync_515', 'sync_2850', 'sync_535', 'sync_2399', 'sync_355', 'sync_1896', 'sync_90', 'sync_816', 'sync_1595', 'sync_872', 'sync_1865', 'sync_1187', 'sync_33', 'sync_146', 'sync_1277', 'sync_149', 'sync_552', 'sync_2471', 'sync_84', 'sync_1802', 'sync_619', 'sync_451', 'sync_397', 'sync_826', 'sync_984', 'sync_180', 'sync_165', 'sync_745', 'sync_1310', 'sync_1322', 'sync_1432', 'sync_353', 'sync_1055', 'sync_413', 'sync_668', 'sync_687', 'sync_332', 'sync_2867', 'sync_600', 'del_658', 'add_906']",1_mut,1000,20,0.5,good,2,39.12832808494568,0.48609304428100586,7.7405619621276855,True
17,,"[712, 49, 386, 6, 190, 749, 215, 151, 63, 216, 1155, 65, 1114, 187, 79, 349, 644, 647, 714, 241, 1146, 278, 59, 75, 1004, 857, 756, 1229, 1020, 61, 587, 434, 529, 118, 121, 3613, 591, 606, 620, 146, 1019, 161, 896, 92, 164, 95, 138, 645, 147, 770]","['sync_712', 'sync_49', 'sync_386', 'sync_6', 'sync_190', 'sync_749', 'sync_215', 'sync_151', 'sync_63', 'sync_216', 'sync_1155', 'sync_65', 'sync_1114', 'sync_187', 'sync_79', 'sync_349', 'sync_644', 'sync_647', 'sync_714', 'sync_241', 'sync_1146', 'sync_278', 'sync_59', 'sync_75', 'sync_1004', 'sync_857', 'sync_756', 'sync_1229', 'sync_1020', 'sync_61', 'sync_587', 'sync_434', 'sync_529', 'sync_118', 'sync_121', 'sync_3613', 'sync_591', 'sync_606', 'sync_620', 'sync_146', 'sync_1019', 'sync_161', 'sync_896', 'sync_92', 'sync_164', 'sync_95', 'sync_138', 'sync_645', 'sync_147', 'del_770', 'add_3150']",1_mut,1000,20,0.5,good,2,45.625062227249146,0.5926909446716309,10.376927852630615,True
18,,"[155, 556, 1940, 74, 1716, 1089, 2655, 1844, 1251, 1104, 2320, 2176, 1073, 1343, 1103, 2294, 1064, 1079, 1727, 930, 879, 1656, 2174, 2641, 1351, 1030, 2295, 2200, 1095, 1049, 245, 260, 2781, 256, 983, 58, 243, 60, 337, 922, 1688, 912, 1108, 2963, 2449, 1968, 1225, 889, 732, 920]","['sync_155', 'sync_556', 'sync_1940', 'sync_74', 'sync_1716', 'sync_1089', 'sync_2655', 'sync_1844', 'sync_1251', 'sync_1104', 'sync_2320', 'sync_2176', 'sync_1073', 'sync_1343', 'sync_1103', 'sync_2294', 'sync_1064', 'sync_1079', 'sync_1727', 'sync_930', 'sync_879', 'sync_1656', 'sync_2174', 'sync_2641', 'sync_1351', 'sync_1030', 'sync_2295', 'sync_2200', 'sync_1095', 'sync_1049', 'sync_245', 'sync_260', 'sync_2781', 'sync_256', 'sync_983', 'sync_58', 'sync_243', 'sync_60', 'sync_337', 'sync_922', 'sync_1688', 'sync_912', 'sync_1108', 'sync_2963', 'sync_2449', 'sync_1968', 'sync_1225', 'sync_889', 'sync_732', 'add_2374', 'del_920']",1_mut,1000,20,0.5,good,2,42.89841914176941,0.4071469306945801,7.1827709674835205,True
19,,"[1427, 65, 1139, 2511, 1186, 796, 245, 52, 51, 49, 41, 93, 337, 14, 16, 58, 42, 715, 756, 1229, 218, 1116, 85, 23, 187, 178, 274, 211, 20, 184, 1211, 1332, 1650, 1235, 53, 429, 548, 731, 1299, 626, 206, 219, 702, 45, 125, 133, 114]","['sync_1427', 'sync_65', 'sync_1139', 'sync_2511', 'sync_1186', 'sync_796', 'sync_245', 'sync_52', 'sync_51', 'sync_49', 'sync_41', 'sync_93', 'sync_337', 'sync_14', 'sync_16', 'sync_58', 'sync_42', 'sync_715', 'sync_756', 'sync_1229', 'sync_218', 'sync_1116', 'sync_85', 'sync_23', 'sync_187', 'sync_178', 'sync_274', 'sync_211', 'sync_20', 'sync_184', 'sync_1211', 'sync_1332', 'sync_1650', 'sync_1235', 'sync_53', 'sync_429', 'sync_548', 'sync_731', 'sync_1299', 'sync_626', 'sync_206', 'sync_219', 'sync_702', 'sync_45', 'sync_125', 'sync_133', 'del_114', 'add_3047']",1_mut,1000,20,0.5,bad,2,39.665793895721436,0.3962528705596924,7.6373820304870605,True
20,,"[391, 127, 1047, 613, 5, 683, 9, 208, 1048, 8, 1863, 581, 771, 601, 506, 178, 799, 207, 382, 14, 23, 274, 176, 142, 291, 1345, 1211, 16, 20, 757, 643, 169, 1314, 815, 1311, 731, 1299, 184, 965, 27, 1006, 1059, 156, 433, 252, 161, 991, 897, 656, 738]","['sync_391', 'sync_127', 'sync_1047', 'sync_613', 'sync_5', 'sync_683', 'sync_9', 'sync_208', 'sync_1048', 'sync_8', 'sync_1863', 'sync_581', 'sync_771', 'sync_601', 'sync_506', 'sync_178', 'sync_799', 'sync_207', 'sync_382', 'sync_14', 'sync_23', 'sync_274', 'sync_176', 'sync_142', 'sync_291', 'sync_1345', 'sync_1211', 'sync_16', 'sync_20', 'sync_757', 'sync_643', 'sync_169', 'sync_1314', 'sync_815', 'sync_1311', 'sync_731', 'sync_1299', 'sync_184', 'sync_965', 'sync_27', 'sync_1006', 'sync_1059', 'sync_156', 'sync_433', 'sync_252', 'sync_161', 'sync_991', 'sync_897', 'sync_656', 'add_2725', 'del_738']",1_mut,1000,20,0.5,good,2,39.355637073516846,0.5333008766174316,9.714857339859009,True
21,,"[650, 2067, 2390, 221, 767, 93, 339, 1238, 2301, 2233, 1241, 122, 996, 744, 1452, 1451, 1040, 1081, 1480, 1252, 217, 729, 210, 200, 214, 1093, 1836, 1705, 125, 1476, 7, 152, 213, 211, 98, 157, 190, 65, 644, 1471, 63, 1155]","['sync_650', 'sync_2067', 'sync_2390', 'sync_221', 'sync_767', 'sync_93', 'sync_339', 'sync_1238', 'sync_2301', 'sync_2233', 'sync_1241', 'sync_122', 'sync_996', 'sync_744', 'sync_1452', 'sync_1451', 'sync_1040', 'sync_1081', 'sync_1480', 'sync_1252', 'sync_217', 'sync_729', 'sync_210', 'sync_200', 'sync_214', 'sync_1093', 'sync_1836', 'sync_1705', 'sync_125', 'sync_1476', 'sync_7', 'sync_152', 'sync_213', 'sync_211', 'sync_98', 'sync_157', 'sync_190', 'sync_65', 'sync_644', 'sync_1471', 'sync_63', 'del_1155', 'add_3556']",1_mut,1000,20,0.5,good,2,41.489304065704346,0.4141387939453125,7.4201819896698,True
22,,"[61, 54, 530, 789, 801, 63, 2267, 59, 189, 190, 620, 844, 151, 149, 741, 196, 186, 114, 529, 120, 1227, 167, 2182, 574, 87, 126, 134, 1301, 606, 127, 2275, 859, 73, 648, 955, 288, 1342, 1045, 1104, 1079, 2780, 203, 1402, 2176, 1830, 1199, 1266, 2644, 576, 879]","['sync_61', 'sync_54', 'sync_530', 'sync_789', 'sync_801', 'sync_63', 'sync_2267', 'sync_59', 'sync_189', 'sync_190', 'sync_620', 'sync_844', 'sync_151', 'sync_149', 'sync_741', 'sync_196', 'sync_186', 'sync_114', 'sync_529', 'sync_120', 'sync_1227', 'sync_167', 'sync_2182', 'sync_574', 'sync_87', 'sync_126', 'sync_134', 'sync_1301', 'sync_606', 'sync_127', 'sync_2275', 'sync_859', 'sync_73', 'sync_648', 'sync_955', 'sync_288', 'sync_1342', 'sync_1045', 'sync_1104', 'sync_1079', 'sync_2780', 'sync_203', 'sync_1402', 'sync_2176', 'sync_1830', 'sync_1199', 'sync_1266', 'sync_2644', 'sync_576', 'del_879', 'add_249']",1_mut,1000,20,0.5,good,2,39.07863092422485,0.4307820796966553,7.6592628955841064,True
23,,"[2099, 754, 131, 556, 1076, 1157, 565, 1837, 134, 2781, 1103, 1199, 2944, 1656, 1185, 1086, 1064, 1085, 1054, 1030, 879, 663, 97, 612, 1698, 1006, 1242, 539, 377, 995, 323, 744, 1002, 27, 677, 759, 161, 725, 559, 968, 865, 1249, 859, 969, 755, 631, 1251, 1191, 2168, 1096]","['sync_2099', 'sync_754', 'sync_131', 'sync_556', 'sync_1076', 'sync_1157', 'sync_565', 'sync_1837', 'sync_134', 'sync_2781', 'sync_1103', 'sync_1199', 'sync_2944', 'sync_1656', 'sync_1185', 'sync_1086', 'sync_1064', 'sync_1085', 'sync_1054', 'sync_1030', 'sync_879', 'sync_663', 'sync_97', 'sync_612', 'sync_1698', 'sync_1006', 'sync_1242', 'sync_539', 'sync_377', 'sync_995', 'sync_323', 'sync_744', 'sync_1002', 'sync_27', 'sync_677', 'sync_759', 'sync_161', 'sync_725', 'sync_559', 'sync_968', 'sync_865', 'sync_1249', 'sync_859', 'sync_969', 'sync_755', 'sync_631', 'sync_1251', 'sync_1191', 'sync_2168', 'del_1096', 'add_3106']",1_mut,1000,20,0.5,good,2,39.792935848236084,0.44716310501098633,6.842638969421387,True
24,,"[720, 65, 1613, 121, 872, 1607, 2174, 1698, 4, 1614, 523, 98, 339, 695, 1498, 1694, 1349, 1401, 1934, 39, 680, 885, 1003, 1497, 122, 1519, 2653, 1367, 916, 61, 17, 455]","['sync_720', 'sync_65', 'sync_1613', 'sync_121', 'sync_872', 'sync_1607', 'sync_2174', 'sync_1698', 'sync_4', 'sync_1614', 'sync_523', 'sync_98', 'sync_339', 'sync_695', 'sync_1498', 'sync_1694', 'sync_1349', 'sync_1401', 'sync_1934', 'sync_39', 'sync_680', 'sync_885', 'sync_1003', 'sync_1497', 'sync_122', 'sync_1519', 'sync_2653', 'sync_1367', 'sync_916', 'sync_61', 'sync_17', 'del_455', 'add_2065']",1_mut,1000,20,0.5,good,2,39.02297306060791,0.20427918434143066,5.143019199371338,True
25,,"[1523, 2943, 1452, 1848, 471, 1762, 154, 410, 2052, 2985, 1493, 1259, 3, 2248, 701, 2453, 406, 1576, 1419, 113, 1607, 1614, 2604, 231, 522, 2533, 640, 419, 172, 1385, 2789, 976, 2914, 1593, 2841, 1346, 1408, 1687, 585, 420, 472, 2491, 3671, 1476, 1069, 1478, 1070, 2250, 892, 1286]","['sync_1523', 'sync_2943', 'sync_1452', 'sync_1848', 'sync_471', 'sync_1762', 'sync_154', 'sync_410', 'sync_2052', 'sync_2985', 'sync_1493', 'sync_1259', 'sync_3', 'sync_2248', 'sync_701', 'sync_2453', 'sync_406', 'sync_1576', 'sync_1419', 'sync_113', 'sync_1607', 'sync_1614', 'sync_2604', 'sync_231', 'sync_522', 'sync_2533', 'sync_640', 'sync_419', 'sync_172', 'sync_1385', 'sync_2789', 'sync_976', 'sync_2914', 'sync_1593', 'sync_2841', 'sync_1346', 'sync_1408', 'sync_1687', 'sync_585', 'sync_420', 'sync_472', 'sync_2491', 'sync_3671', 'sync_1476', 'sync_1069', 'sync_1478', 'sync_1070', 'sync_2250', 'sync_892', 'del_1286', 'add_742']",1_mut,1000,20,0.5,good,2,40.62838888168335,0.41912102699279785,7.842605829238892,True
26,,"[35, 683, 34, 41, 208, 581, 17, 940, 609, 1047, 613, 633, 1524, 5, 18, 33, 31, 1077, 105, 1279, 8, 382, 1513, 767, 548, 135, 516, 56, 199, 117, 16, 1121, 317, 1293, 276, 1195, 370, 1504, 89, 362, 14, 1802, 618, 1299, 165, 324, 274, 184, 1345, 798]","['sync_35', 'sync_683', 'sync_34', 'sync_41', 'sync_208', 'sync_581', 'sync_17', 'sync_940', 'sync_609', 'sync_1047', 'sync_613', 'sync_633', 'sync_1524', 'sync_5', 'sync_18', 'sync_33', 'sync_31', 'sync_1077', 'sync_105', 'sync_1279', 'sync_8', 'sync_382', 'sync_1513', 'sync_767', 'sync_548', 'sync_135', 'sync_516', 'sync_56', 'sync_199', 'sync_117', 'sync_16', 'sync_1121', 'sync_317', 'sync_1293', 'sync_276', 'sync_1195', 'sync_370', 'sync_1504', 'sync_89', 'sync_362', 'sync_14', 'sync_1802', 'sync_618', 'sync_1299', 'sync_165', 'sync_324', 'sync_274', 'sync_184', 'sync_1345', 'del_798', 'add_151']",1_mut,1000,20,0.5,good,2,41.35533094406128,0.522589921951294,8.793003559112549,True
27,,"[2827, 39, 1076, 795, 2036, 1418, 756, 2013, 123, 1337, 168, 79, 386, 1773, 1540, 672, 10, 1636, 697, 2042, 618, 1543, 727, 683, 9, 613, 1762, 3, 650, 12, 1624, 415, 2228, 610, 798, 47, 15, 34, 1632, 1576, 723, 604, 38, 46, 793, 216, 68, 1517, 281, 165]","['sync_2827', 'sync_39', 'sync_1076', 'sync_795', 'sync_2036', 'sync_1418', 'sync_756', 'sync_2013', 'sync_123', 'sync_1337', 'sync_168', 'sync_79', 'sync_386', 'sync_1773', 'sync_1540', 'sync_672', 'sync_10', 'sync_1636', 'sync_697', 'sync_2042', 'sync_618', 'sync_1543', 'sync_727', 'sync_683', 'sync_9', 'sync_613', 'sync_1762', 'sync_3', 'sync_650', 'sync_12', 'sync_1624', 'sync_415', 'sync_2228', 'sync_610', 'sync_798', 'sync_47', 'sync_15', 'sync_34', 'sync_1632', 'sync_1576', 'sync_723', 'sync_604', 'sync_38', 'sync_46', 'sync_793', 'sync_216', 'sync_68', 'sync_1517', 'sync_281', 'del_165', 'add_2523']",1_mut,1000,20,0.5,good,2,40.80519723892212,0.31878185272216797,5.911787033081055,True
28,,"[110, 521, 220, 281, 2570, 1952, 2577, 1988, 2135, 1201, 1324, 3458, 178, 236, 1793, 542, 69, 2139, 1929, 334, 1060, 511, 3, 777, 404, 11, 10, 1863, 1532, 415, 2221, 46, 332, 1046, 613, 1762, 636, 38, 2142, 2184, 2328, 427, 1608, 389, 41, 135, 566, 1668, 366, 85]","['sync_110', 'sync_521', 'sync_220', 'sync_281', 'sync_2570', 'sync_1952', 'sync_2577', 'sync_1988', 'sync_2135', 'sync_1201', 'sync_1324', 'sync_3458', 'sync_178', 'sync_236', 'sync_1793', 'sync_542', 'sync_69', 'sync_2139', 'sync_1929', 'sync_334', 'sync_1060', 'sync_511', 'sync_3', 'sync_777', 'sync_404', 'sync_11', 'sync_10', 'sync_1863', 'sync_1532', 'sync_415', 'sync_2221', 'sync_46', 'sync_332', 'sync_1046', 'sync_613', 'sync_1762', 'sync_636', 'sync_38', 'sync_2142', 'sync_2184', 'sync_2328', 'sync_427', 'sync_1608', 'sync_389', 'sync_41', 'sync_135', 'sync_566', 'sync_1668', 'sync_366', 'del_85', 'add_2118']",1_mut,1000,20,0.5,good,2,40.88522696495056,0.8596251010894775,8.290425777435303,True
29,,"[588, 128, 1985, 3325, 825, 892, 257, 70, 2786, 373, 1649, 1137, 899, 980, 318, 61, 17, 455, 810, 898, 2817, 328]","['sync_588', 'sync_128', 'sync_1985', 'sync_3325', 'sync_825', 'sync_892', 'sync_257', 'sync_70', 'sync_2786', 'sync_373', 'sync_1649', 'sync_1137', 'sync_899', 'sync_980', 'sync_318', 'sync_61', 'sync_17', 'sync_455', 'sync_810', 'sync_898', 'sync_2817', 'add_2655', 'del_328']",1_mut,1000,20,0.5,bad,2,40.609110832214355,0.17344903945922852,3.6710498332977295,True
30,,"[479, 42, 432, 449, 124, 104, 382, 1467, 237, 165, 624, 160, 384, 1401, 438, 5, 712, 110, 764, 1530, 1116, 906, 421, 157, 176, 793, 150, 16, 613, 696, 175, 448, 714, 674, 1309, 1042, 1500, 1257, 375, 80, 1344, 151, 1476, 439, 492, 141, 177, 815, 46, 91]","['sync_479', 'sync_42', 'sync_432', 'sync_449', 'sync_124', 'sync_104', 'sync_382', 'sync_1467', 'sync_237', 'sync_165', 'sync_624', 'sync_160', 'sync_384', 'sync_1401', 'sync_438', 'sync_5', 'sync_712', 'sync_110', 'sync_764', 'sync_1530', 'sync_1116', 'sync_906', 'sync_421', 'sync_157', 'sync_176', 'sync_793', 'sync_150', 'sync_16', 'sync_613', 'sync_696', 'sync_175', 'sync_448', 'sync_714', 'sync_674', 'sync_1309', 'sync_1042', 'sync_1500', 'sync_1257', 'sync_375', 'sync_80', 'sync_1344', 'sync_151', 'sync_1476', 'sync_439', 'sync_492', 'sync_141', 'sync_177', 'sync_815', 'sync_46', 'add_536', 'del_91']",1_mut,1000,20,0.5,good,2,40.46271109580994,0.4822399616241455,7.062456130981445,True
31,,"[530, 68, 135, 27, 1587, 1863, 492, 601, 274, 702, 281, 98, 316, 20, 133, 589, 326, 511, 651, 42, 41, 1825, 462, 1576, 905, 2542, 2293, 1318, 1866, 1564, 209, 195, 124, 1833, 394, 846, 395, 1508, 398, 739, 917, 1840, 1231, 1383, 2433, 245, 227, 60, 897, 836]","['sync_530', 'sync_68', 'sync_135', 'sync_27', 'sync_1587', 'sync_1863', 'sync_492', 'sync_601', 'sync_274', 'sync_702', 'sync_281', 'sync_98', 'sync_316', 'sync_20', 'sync_133', 'sync_589', 'sync_326', 'sync_511', 'sync_651', 'sync_42', 'sync_41', 'sync_1825', 'sync_462', 'sync_1576', 'sync_905', 'sync_2542', 'sync_2293', 'sync_1318', 'sync_1866', 'sync_1564', 'sync_209', 'sync_195', 'sync_124', 'sync_1833', 'sync_394', 'sync_846', 'sync_395', 'sync_1508', 'sync_398', 'sync_739', 'sync_917', 'sync_1840', 'sync_1231', 'sync_1383', 'sync_2433', 'sync_245', 'sync_227', 'sync_60', 'sync_897', 'del_836', 'add_282']",1_mut,1000,20,0.5,good,2,42.071743965148926,0.5465412139892578,8.665899991989136,True
32,,"[879, 257, 168, 24, 52, 29, 150, 506, 49, 165, 281, 1323, 1034, 918, 1527, 60, 28, 1277, 2344, 54, 888, 482, 594, 485, 466, 519, 3204, 2100, 1059, 417, 502, 1748, 1381, 364, 754, 133, 79, 152, 241, 433, 265, 196, 161, 896, 70, 1879, 1203, 147, 459, 92]","['sync_879', 'sync_257', 'sync_168', 'sync_24', 'sync_52', 'sync_29', 'sync_150', 'sync_506', 'sync_49', 'sync_165', 'sync_281', 'sync_1323', 'sync_1034', 'sync_918', 'sync_1527', 'sync_60', 'sync_28', 'sync_1277', 'sync_2344', 'sync_54', 'sync_888', 'sync_482', 'sync_594', 'sync_485', 'sync_466', 'sync_519', 'sync_3204', 'sync_2100', 'sync_1059', 'sync_417', 'sync_502', 'sync_1748', 'sync_1381', 'sync_364', 'sync_754', 'sync_133', 'sync_79', 'sync_152', 'sync_241', 'sync_433', 'sync_265', 'sync_196', 'sync_161', 'sync_896', 'sync_70', 'sync_1879', 'sync_1203', 'sync_147', 'sync_459', 'del_92', 'add_3624']",1_mut,1000,20,0.5,good,2,41.31428813934326,0.5770630836486816,7.7287468910217285,True
33,,"[376, 1020, 904, 1011, 776, 1174, 1372, 433, 591, 620, 1019, 197, 1275, 2293, 754, 910, 1483, 556, 763, 851, 880, 73, 648, 1193, 223, 74, 2855, 1724, 1482, 1671, 92, 198, 850, 565, 1716, 131, 66, 1210, 2320, 1089, 1841, 576, 2425, 1276, 1064, 2428, 1030, 1103, 1076, 1844]","['sync_376', 'sync_1020', 'sync_904', 'sync_1011', 'sync_776', 'sync_1174', 'sync_1372', 'sync_433', 'sync_591', 'sync_620', 'sync_1019', 'sync_197', 'sync_1275', 'sync_2293', 'sync_754', 'sync_910', 'sync_1483', 'sync_556', 'sync_763', 'sync_851', 'sync_880', 'sync_73', 'sync_648', 'sync_1193', 'sync_223', 'sync_74', 'sync_2855', 'sync_1724', 'sync_1482', 'sync_1671', 'sync_92', 'sync_198', 'sync_850', 'sync_565', 'sync_1716', 'sync_131', 'sync_66', 'sync_1210', 'sync_2320', 'sync_1089', 'sync_1841', 'sync_576', 'sync_2425', 'sync_1276', 'sync_1064', 'sync_2428', 'sync_1030', 'sync_1103', 'sync_1076', 'del_1844', 'add_622']",1_mut,1000,20,0.5,bad,2,40.99321389198303,0.5024268627166748,6.086988687515259,True
34,,"[128, 2277, 210, 1979, 739, 1936, 45, 125, 6, 133, 715, 435, 218, 187, 79, 91, 44, 670, 93, 211, 49, 241, 588, 273, 215, 63, 265, 434, 320, 892, 712, 620, 61, 587]","['sync_128', 'sync_2277', 'sync_210', 'sync_1979', 'sync_739', 'sync_1936', 'sync_45', 'sync_125', 'sync_6', 'sync_133', 'sync_715', 'sync_435', 'sync_218', 'sync_187', 'sync_79', 'sync_91', 'sync_44', 'sync_670', 'sync_93', 'sync_211', 'sync_49', 'sync_241', 'sync_588', 'sync_273', 'sync_215', 'sync_63', 'sync_265', 'sync_434', 'sync_320', 'sync_892', 'sync_712', 'sync_620', 'sync_61', 'del_587', 'add_3073']",1_mut,1000,20,0.5,bad,2,40.21101212501526,0.4400808811187744,7.494194984436035,True
35,,"[742, 574, 657, 853, 1905, 908, 2863, 10, 2757, 46, 41, 9, 208, 799, 1051, 683, 589, 597, 609, 1047, 35, 47, 34, 633, 1061, 2146, 391, 390, 1052, 38, 50, 11, 17, 1729, 33, 1368, 332, 1063, 1770, 1077, 1328, 389, 567, 1800, 1091, 1402, 3458, 90, 649, 106]","['sync_742', 'sync_574', 'sync_657', 'sync_853', 'sync_1905', 'sync_908', 'sync_2863', 'sync_10', 'sync_2757', 'sync_46', 'sync_41', 'sync_9', 'sync_208', 'sync_799', 'sync_1051', 'sync_683', 'sync_589', 'sync_597', 'sync_609', 'sync_1047', 'sync_35', 'sync_47', 'sync_34', 'sync_633', 'sync_1061', 'sync_2146', 'sync_391', 'sync_390', 'sync_1052', 'sync_38', 'sync_50', 'sync_11', 'sync_17', 'sync_1729', 'sync_33', 'sync_1368', 'sync_332', 'sync_1063', 'sync_1770', 'sync_1077', 'sync_1328', 'sync_389', 'sync_567', 'sync_1800', 'sync_1091', 'sync_1402', 'sync_3458', 'sync_90', 'sync_649', 'del_106', 'add_3453']",1_mut,1000,20,0.5,good,2,41.86765480041504,0.5429461002349854,9.357558965682983,True
36,,"[1729, 264, 1247, 189, 1209, 2557, 585, 791, 1977, 716, 652, 203, 1180, 279, 483, 975, 1985, 967, 1260, 1895, 1142, 2260, 1426, 1926, 2896, 1218, 761, 1900, 1978, 1811, 1815, 2362, 1268, 1143, 932, 1946, 1983, 2354, 2379, 2380, 1809, 1813, 1733, 2353, 2948, 1145, 1990, 2950, 1734, 1735]","['sync_1729', 'sync_264', 'sync_1247', 'sync_189', 'sync_1209', 'sync_2557', 'sync_585', 'sync_791', 'sync_1977', 'sync_716', 'sync_652', 'sync_203', 'sync_1180', 'sync_279', 'sync_483', 'sync_975', 'sync_1985', 'sync_967', 'sync_1260', 'sync_1895', 'sync_1142', 'sync_2260', 'sync_1426', 'sync_1926', 'sync_2896', 'sync_1218', 'sync_761', 'sync_1900', 'sync_1978', 'sync_1811', 'sync_1815', 'sync_2362', 'sync_1268', 'sync_1143', 'sync_932', 'sync_1946', 'sync_1983', 'sync_2354', 'sync_2379', 'sync_2380', 'sync_1809', 'sync_1813', 'sync_1733', 'sync_2353', 'sync_2948', 'sync_1145', 'sync_1990', 'sync_2950', 'sync_1734', 'add_2375', 'del_1735']",1_mut,1000,20,0.5,good,2,46.260359048843384,0.5217039585113525,7.303539276123047,True
37,,"[34, 11, 536, 391, 469, 30, 36, 5, 244, 1178, 2184, 33, 607, 515, 809, 657, 188, 61, 1084, 843, 721, 592, 643, 679, 674, 759, 27, 559, 768, 1038, 623, 718, 755, 208, 1001, 1021, 1028, 219, 468, 1077, 769, 581, 625, 1017, 583, 1048, 2284, 389, 39, 672]","['sync_34', 'sync_11', 'sync_536', 'sync_391', 'sync_469', 'sync_30', 'sync_36', 'sync_5', 'sync_244', 'sync_1178', 'sync_2184', 'sync_33', 'sync_607', 'sync_515', 'sync_809', 'sync_657', 'sync_188', 'sync_61', 'sync_1084', 'sync_843', 'sync_721', 'sync_592', 'sync_643', 'sync_679', 'sync_674', 'sync_759', 'sync_27', 'sync_559', 'sync_768', 'sync_1038', 'sync_623', 'sync_718', 'sync_755', 'sync_208', 'sync_1001', 'sync_1021', 'sync_1028', 'sync_219', 'sync_468', 'sync_1077', 'sync_769', 'sync_581', 'sync_625', 'sync_1017', 'sync_583', 'sync_1048', 'sync_2284', 'sync_389', 'sync_39', 'del_672', 'add_3615']",1_mut,1000,20,0.5,good,2,42.299548864364624,0.5474851131439209,8.81368112564087,True
38,,"[1497, 724, 1455, 1299, 222, 566, 1002, 142, 1783, 586, 866, 46, 176, 1211, 1311, 1493, 23, 538, 16, 184, 14, 77, 1186, 1309, 1424, 535, 380, 146, 604, 370, 1645, 392, 1802, 1305, 646, 1320, 425, 636, 2300, 169, 1500, 815, 1244, 1265, 829, 640, 90, 1432, 344, 373]","['sync_1497', 'sync_724', 'sync_1455', 'sync_1299', 'sync_222', 'sync_566', 'sync_1002', 'sync_142', 'sync_1783', 'sync_586', 'sync_866', 'sync_46', 'sync_176', 'sync_1211', 'sync_1311', 'sync_1493', 'sync_23', 'sync_538', 'sync_16', 'sync_184', 'sync_14', 'sync_77', 'sync_1186', 'sync_1309', 'sync_1424', 'sync_535', 'sync_380', 'sync_146', 'sync_604', 'sync_370', 'sync_1645', 'sync_392', 'sync_1802', 'sync_1305', 'sync_646', 'sync_1320', 'sync_425', 'sync_636', 'sync_2300', 'sync_169', 'sync_1500', 'sync_815', 'sync_1244', 'sync_1265', 'sync_829', 'sync_640', 'sync_90', 'sync_1432', 'sync_344', 'add_3507', 'del_373']",1_mut,1000,20,0.5,good,2,42.88453197479248,0.5150201320648193,8.860849857330322,True
39,,"[1132, 202, 1625, 217, 729, 1155, 1269, 100, 1040, 1728, 1547, 83, 1459, 1508, 1023, 701, 1765, 723, 2331, 894, 2343, 2742, 835, 2234, 1558, 2129, 764, 554, 2110, 2432, 205, 141, 432, 1616, 624, 1574, 1941, 1263, 1622, 2117, 1569, 710, 1570, 3023, 3044, 1722, 1331, 312, 603, 214]","['sync_1132', 'sync_202', 'sync_1625', 'sync_217', 'sync_729', 'sync_1155', 'sync_1269', 'sync_100', 'sync_1040', 'sync_1728', 'sync_1547', 'sync_83', 'sync_1459', 'sync_1508', 'sync_1023', 'sync_701', 'sync_1765', 'sync_723', 'sync_2331', 'sync_894', 'sync_2343', 'sync_2742', 'sync_835', 'sync_2234', 'sync_1558', 'sync_2129', 'sync_764', 'sync_554', 'sync_2110', 'sync_2432', 'sync_205', 'sync_141', 'sync_432', 'sync_1616', 'sync_624', 'sync_1574', 'sync_1941', 'sync_1263', 'sync_1622', 'sync_2117', 'sync_1569', 'sync_710', 'sync_1570', 'sync_3023', 'sync_3044', 'sync_1722', 'sync_1331', 'sync_312', 'sync_603', 'del_214', 'add_1658']",1_mut,1000,20,0.5,good,2,42.59234833717346,0.4676697254180908,6.667665958404541,True
40,,"[1635, 1663, 1319, 1419, 1264, 410, 1307, 2117, 1569, 1020, 2969, 455, 1527, 135, 318, 264, 1653, 711, 3382, 285, 532, 500, 475, 344, 1408, 1640, 1233, 530, 211, 98, 86, 1273, 2858, 152, 323, 229, 494, 466, 118, 985, 1708, 126, 1420, 305, 825, 1350, 1844, 67, 2140, 1193]","['sync_1635', 'sync_1663', 'sync_1319', 'sync_1419', 'sync_1264', 'sync_410', 'sync_1307', 'sync_2117', 'sync_1569', 'sync_1020', 'sync_2969', 'sync_455', 'sync_1527', 'sync_135', 'sync_318', 'sync_264', 'sync_1653', 'sync_711', 'sync_3382', 'sync_285', 'sync_532', 'sync_500', 'sync_475', 'sync_344', 'sync_1408', 'sync_1640', 'sync_1233', 'sync_530', 'sync_211', 'sync_98', 'sync_86', 'sync_1273', 'sync_2858', 'sync_152', 'sync_323', 'sync_229', 'sync_494', 'sync_466', 'sync_118', 'sync_985', 'sync_1708', 'sync_126', 'sync_1420', 'sync_305', 'sync_825', 'sync_1350', 'sync_1844', 'sync_67', 'sync_2140', 'del_1193', 'add_1348']",1_mut,1000,20,0.5,good,2,41.65417814254761,0.4848630428314209,7.737520694732666,True
41,,"[1834, 827, 1243, 1076, 1715, 3178, 2620, 181, 1773, 1416, 2828, 2188, 1085, 889, 1373, 1412, 1725, 1835, 1851, 1967, 1594, 2204, 1327, 1064, 2511, 2843, 936, 913, 1092, 1859, 1045, 3041, 1852, 2202, 2658, 1698, 2279, 2055, 2542, 1397, 2185, 1826, 2790, 3042, 821, 2350, 69, 542, 520, 1847]","['sync_1834', 'sync_827', 'sync_1243', 'sync_1076', 'sync_1715', 'sync_3178', 'sync_2620', 'sync_181', 'sync_1773', 'sync_1416', 'sync_2828', 'sync_2188', 'sync_1085', 'sync_889', 'sync_1373', 'sync_1412', 'sync_1725', 'sync_1835', 'sync_1851', 'sync_1967', 'sync_1594', 'sync_2204', 'sync_1327', 'sync_1064', 'sync_2511', 'sync_2843', 'sync_936', 'sync_913', 'sync_1092', 'sync_1859', 'sync_1045', 'sync_3041', 'sync_1852', 'sync_2202', 'sync_2658', 'sync_1698', 'sync_2279', 'sync_2055', 'sync_2542', 'sync_1397', 'sync_2185', 'sync_1826', 'sync_2790', 'sync_3042', 'sync_821', 'sync_2350', 'sync_69', 'sync_542', 'sync_520', 'add_3428', 'del_1847']",1_mut,1000,20,0.5,bad,2,41.31127190589905,0.5832920074462891,7.744189023971558,True
42,,"[1, 1418, 65, 2092, 731, 351, 339, 1450, 1452, 1238, 1232, 560, 2233, 1241, 961, 247, 1447, 986, 946, 1451, 2122, 219, 3113, 1040, 122, 996]","['sync_1', 'sync_1418', 'sync_65', 'sync_2092', 'sync_731', 'sync_351', 'sync_339', 'sync_1450', 'sync_1452', 'sync_1238', 'sync_1232', 'sync_560', 'sync_2233', 'sync_1241', 'sync_961', 'sync_247', 'sync_1447', 'sync_986', 'sync_946', 'sync_1451', 'sync_2122', 'sync_219', 'sync_3113', 'sync_1040', 'sync_122', 'del_996', 'add_2754']",1_mut,1000,20,0.5,bad,2,41.7175989151001,0.32556796073913574,3.827857255935669,True
43,,"[485, 2754, 455, 1308, 909, 2156, 476, 245, 52, 505, 318, 338, 478, 1097, 979, 2752, 40, 903, 1872, 492, 60, 220, 3386, 1107, 284, 1060, 358, 1892, 902, 329, 519, 449, 2246, 146, 440, 239, 229, 888, 372, 922, 465, 489, 1401, 2755, 1600, 483, 1906, 1369, 675, 1767]","['sync_485', 'sync_2754', 'sync_455', 'sync_1308', 'sync_909', 'sync_2156', 'sync_476', 'sync_245', 'sync_52', 'sync_505', 'sync_318', 'sync_338', 'sync_478', 'sync_1097', 'sync_979', 'sync_2752', 'sync_40', 'sync_903', 'sync_1872', 'sync_492', 'sync_60', 'sync_220', 'sync_3386', 'sync_1107', 'sync_284', 'sync_1060', 'sync_358', 'sync_1892', 'sync_902', 'sync_329', 'sync_519', 'sync_449', 'sync_2246', 'sync_146', 'sync_440', 'sync_239', 'sync_229', 'sync_888', 'sync_372', 'sync_922', 'sync_465', 'sync_489', 'sync_1401', 'sync_2755', 'sync_1600', 'sync_483', 'sync_1906', 'sync_1369', 'sync_675', 'del_1767', 'add_3484']",1_mut,1000,20,0.5,good,2,43.47791886329651,0.3618192672729492,4.073044061660767,True
44,,"[1011, 464, 98, 97, 45, 125, 715, 210, 741, 218, 965, 1009, 744, 539, 377, 63, 65, 759, 78, 990, 991, 114, 644, 1002, 663, 848, 295, 1005, 1006, 703, 156, 734, 190, 215, 981, 1019, 323, 529, 971, 212, 27, 677, 278, 1001, 857, 620, 161, 776, 738, 433]","['sync_1011', 'sync_464', 'sync_98', 'sync_97', 'sync_45', 'sync_125', 'sync_715', 'sync_210', 'sync_741', 'sync_218', 'sync_965', 'sync_1009', 'sync_744', 'sync_539', 'sync_377', 'sync_63', 'sync_65', 'sync_759', 'sync_78', 'sync_990', 'sync_991', 'sync_114', 'sync_644', 'sync_1002', 'sync_663', 'sync_848', 'sync_295', 'sync_1005', 'sync_1006', 'sync_703', 'sync_156', 'sync_734', 'sync_190', 'sync_215', 'sync_981', 'sync_1019', 'sync_323', 'sync_529', 'sync_971', 'sync_212', 'sync_27', 'sync_677', 'sync_278', 'sync_1001', 'sync_857', 'sync_620', 'sync_161', 'sync_776', 'sync_738', 'del_433', 'add_3313']",1_mut,1000,20,0.5,good,2,43.66479778289795,0.591663122177124,7.196066856384277,True
45,,"[1482, 1356, 194, 538, 139, 36, 2140, 201, 775, 1209, 2321, 1177, 1131, 1412, 2744, 1440, 390, 389, 1305, 523, 772, 1020, 732, 773, 1203, 1157, 2260, 533, 2671, 827, 1335, 1322, 920, 2741, 1089, 735, 837, 1307, 2476, 745, 930, 1605, 1371, 2910, 2062, 1698, 1228, 1083, 1037, 640]","['sync_1482', 'sync_1356', 'sync_194', 'sync_538', 'sync_139', 'sync_36', 'sync_2140', 'sync_201', 'sync_775', 'sync_1209', 'sync_2321', 'sync_1177', 'sync_1131', 'sync_1412', 'sync_2744', 'sync_1440', 'sync_390', 'sync_389', 'sync_1305', 'sync_523', 'sync_772', 'sync_1020', 'sync_732', 'sync_773', 'sync_1203', 'sync_1157', 'sync_2260', 'sync_533', 'sync_2671', 'sync_827', 'sync_1335', 'sync_1322', 'sync_920', 'sync_2741', 'sync_1089', 'sync_735', 'sync_837', 'sync_1307', 'sync_2476', 'sync_745', 'sync_930', 'sync_1605', 'sync_1371', 'sync_2910', 'sync_2062', 'sync_1698', 'sync_1228', 'sync_1083', 'sync_1037', 'del_640', 'add_895']",1_mut,1000,20,0.5,good,2,44.62255311012268,0.5291411876678467,6.960369110107422,True
46,,"[589, 536, 581, 35, 30, 38, 18, 34, 208, 1048, 633, 1094, 610, 31, 17, 672, 2, 33, 1317, 26, 390, 1077, 1238, 52, 1040, 140, 720, 453, 179, 1936, 867, 789, 950, 942, 532, 2238, 533, 520, 69, 318, 388, 542, 861, 407, 1692, 808, 2140, 238, 873, 430]","['sync_589', 'sync_536', 'sync_581', 'sync_35', 'sync_30', 'sync_38', 'sync_18', 'sync_34', 'sync_208', 'sync_1048', 'sync_633', 'sync_1094', 'sync_610', 'sync_31', 'sync_17', 'sync_672', 'sync_2', 'sync_33', 'sync_1317', 'sync_26', 'sync_390', 'sync_1077', 'sync_1238', 'sync_52', 'sync_1040', 'sync_140', 'sync_720', 'sync_453', 'sync_179', 'sync_1936', 'sync_867', 'sync_789', 'sync_950', 'sync_942', 'sync_532', 'sync_2238', 'sync_533', 'sync_520', 'sync_69', 'sync_318', 'sync_388', 'sync_542', 'sync_861', 'sync_407', 'sync_1692', 'sync_808', 'sync_2140', 'sync_238', 'sync_873', 'del_430', 'add_2861']",1_mut,1000,20,0.5,good,2,42.8552508354187,0.46100497245788574,7.529728174209595,True
47,,"[152, 200, 93, 98, 75, 729, 65, 147, 49, 111, 58, 273, 215, 140, 151, 216, 209, 210, 218, 1114, 1023, 434, 644, 712, 721, 1252, 63, 1155, 756, 588, 387, 703, 156, 196, 1042, 80, 278, 741, 193, 386, 59, 980, 161, 587, 118, 121, 1001, 768, 529, 971]","['sync_152', 'sync_200', 'sync_93', 'sync_98', 'sync_75', 'sync_729', 'sync_65', 'sync_147', 'sync_49', 'sync_111', 'sync_58', 'sync_273', 'sync_215', 'sync_140', 'sync_151', 'sync_216', 'sync_209', 'sync_210', 'sync_218', 'sync_1114', 'sync_1023', 'sync_434', 'sync_644', 'sync_712', 'sync_721', 'sync_1252', 'sync_63', 'sync_1155', 'sync_756', 'sync_588', 'sync_387', 'sync_703', 'sync_156', 'sync_196', 'sync_1042', 'sync_80', 'sync_278', 'sync_741', 'sync_193', 'sync_386', 'sync_59', 'sync_980', 'sync_161', 'sync_587', 'sync_118', 'sync_121', 'sync_1001', 'sync_768', 'sync_529', 'del_971', 'add_1309']",1_mut,1000,20,0.5,good,2,44.32096791267395,0.42234110832214355,4.5702478885650635,True
48,,"[176, 557, 313, 23, 6, 39, 1536, 122, 1332, 397, 696, 972, 1254, 630, 322, 1452, 1451, 210, 1159, 1232, 10, 1532, 260, 530, 9, 3, 415, 756, 46]","['sync_176', 'sync_557', 'sync_313', 'sync_23', 'sync_6', 'sync_39', 'sync_1536', 'sync_122', 'sync_1332', 'sync_397', 'sync_696', 'sync_972', 'sync_1254', 'sync_630', 'sync_322', 'sync_1452', 'sync_1451', 'sync_210', 'sync_1159', 'sync_1232', 'sync_10', 'sync_1532', 'sync_260', 'sync_530', 'sync_9', 'sync_3', 'sync_415', 'sync_756', 'add_2546', 'del_46']",1_mut,1000,20,0.5,good,2,39.28974795341492,0.42749619483947754,7.0560548305511475,True
49,,"[232, 780, 4, 920, 502, 455, 274, 1151, 360, 1136, 333, 351, 135, 244, 39, 51, 306, 1098, 916, 219, 446, 892, 369, 867, 1003, 95, 133, 327, 94, 49, 2238, 268, 1713, 318, 1195, 955, 179, 199, 375, 444, 1330, 696, 1043, 215, 172, 1107, 584, 593, 740, 691]","['sync_232', 'sync_780', 'sync_4', 'sync_920', 'sync_502', 'sync_455', 'sync_274', 'sync_1151', 'sync_360', 'sync_1136', 'sync_333', 'sync_351', 'sync_135', 'sync_244', 'sync_39', 'sync_51', 'sync_306', 'sync_1098', 'sync_916', 'sync_219', 'sync_446', 'sync_892', 'sync_369', 'sync_867', 'sync_1003', 'sync_95', 'sync_133', 'sync_327', 'sync_94', 'sync_49', 'sync_2238', 'sync_268', 'sync_1713', 'sync_318', 'sync_1195', 'sync_955', 'sync_179', 'sync_199', 'sync_375', 'sync_444', 'sync_1330', 'sync_696', 'sync_1043', 'sync_215', 'sync_172', 'sync_1107', 'sync_584', 'sync_593', 'sync_740', 'del_691', 'add_739']",1_mut,1000,20,0.5,good,2,39.52721309661865,0.4988689422607422,6.42490816116333,True
50,,"[97, 592, 156, 734, 190, 210, 759, 677, 604, 2557, 41, 10, 51, 1524, 35, 382, 532, 34, 1047, 610, 31, 1026, 742, 567, 390, 402, 607, 71, 649, 207, 2270, 598, 709, 89, 548, 230, 3, 425, 643, 569, 908, 1167, 719, 281, 2564, 300, 2065, 1846, 492, 585]","['sync_97', 'sync_592', 'sync_156', 'sync_734', 'sync_190', 'sync_210', 'sync_759', 'sync_677', 'sync_604', 'sync_2557', 'sync_41', 'sync_10', 'sync_51', 'sync_1524', 'sync_35', 'sync_382', 'sync_532', 'sync_34', 'sync_1047', 'sync_610', 'sync_31', 'sync_1026', 'sync_742', 'sync_567', 'sync_390', 'sync_402', 'sync_607', 'sync_71', 'sync_649', 'sync_207', 'sync_2270', 'sync_598', 'sync_709', 'sync_89', 'sync_548', 'sync_230', 'sync_3', 'sync_425', 'sync_643', 'sync_569', 'sync_908', 'sync_1167', 'sync_719', 'sync_281', 'sync_2564', 'sync_300', 'sync_2065', 'sync_1846', 'sync_492', 'del_585', 'add_581']",1_mut,1000,20,0.5,good,2,39.10544681549072,0.5265829563140869,8.189770936965942,True
51,,"[3542, 2495, 1234, 205, 141, 1114, 604, 1642, 1352, 1426, 699, 772, 1574, 762, 869, 1570, 587, 595, 427, 1152, 725, 627, 2099, 760, 1837, 2318, 1115, 985, 637, 312, 2870, 3133, 1704, 1838, 369, 353, 789, 874, 185, 867, 791, 232, 516, 436, 355, 2154, 220, 306, 1388, 351]","['sync_3542', 'sync_2495', 'sync_1234', 'sync_205', 'sync_141', 'sync_1114', 'sync_604', 'sync_1642', 'sync_1352', 'sync_1426', 'sync_699', 'sync_772', 'sync_1574', 'sync_762', 'sync_869', 'sync_1570', 'sync_587', 'sync_595', 'sync_427', 'sync_1152', 'sync_725', 'sync_627', 'sync_2099', 'sync_760', 'sync_1837', 'sync_2318', 'sync_1115', 'sync_985', 'sync_637', 'sync_312', 'sync_2870', 'sync_3133', 'sync_1704', 'sync_1838', 'sync_369', 'sync_353', 'sync_789', 'sync_874', 'sync_185', 'sync_867', 'sync_791', 'sync_232', 'sync_516', 'sync_436', 'sync_355', 'sync_2154', 'sync_220', 'sync_306', 'sync_1388', 'del_351', 'add_1431']",1_mut,1000,20,0.5,good,2,38.6674530506134,0.48038601875305176,7.633703947067261,True
52,,"[829, 815, 165, 1849, 1596, 640, 535, 522, 332, 568, 794, 675, 222, 351, 372, 687, 397, 41, 617, 146, 21, 574, 569, 1942, 1696, 657, 1084, 1905, 751, 1317, 607, 515, 853, 809, 61, 2278, 2204, 877, 257, 1769, 70, 318, 916, 2660, 39, 2216, 1169, 1856, 898, 1147]","['sync_829', 'sync_815', 'sync_165', 'sync_1849', 'sync_1596', 'sync_640', 'sync_535', 'sync_522', 'sync_332', 'sync_568', 'sync_794', 'sync_675', 'sync_222', 'sync_351', 'sync_372', 'sync_687', 'sync_397', 'sync_41', 'sync_617', 'sync_146', 'sync_21', 'sync_574', 'sync_569', 'sync_1942', 'sync_1696', 'sync_657', 'sync_1084', 'sync_1905', 'sync_751', 'sync_1317', 'sync_607', 'sync_515', 'sync_853', 'sync_809', 'sync_61', 'sync_2278', 'sync_2204', 'sync_877', 'sync_257', 'sync_1769', 'sync_70', 'sync_318', 'sync_916', 'sync_2660', 'sync_39', 'sync_2216', 'sync_1169', 'sync_1856', 'sync_898', 'del_1147', 'add_1163']",1_mut,1000,20,0.5,good,2,38.2201931476593,0.438230037689209,8.703865051269531,True
53,,"[283, 377, 165, 1107, 80, 461, 1916, 1669, 500, 257, 61, 39, 185, 382, 76, 316, 117, 5, 135, 34, 770, 291, 146, 177, 538, 1424, 1630, 804, 130, 372, 568, 1658, 190, 1432, 1182, 557, 401, 90, 815, 746, 1200, 658, 1749, 1175, 901, 794, 1857, 513, 628, 1412]","['sync_283', 'sync_377', 'sync_165', 'sync_1107', 'sync_80', 'sync_461', 'sync_1916', 'sync_1669', 'sync_500', 'sync_257', 'sync_61', 'sync_39', 'sync_185', 'sync_382', 'sync_76', 'sync_316', 'sync_117', 'sync_5', 'sync_135', 'sync_34', 'sync_770', 'sync_291', 'sync_146', 'sync_177', 'sync_538', 'sync_1424', 'sync_1630', 'sync_804', 'sync_130', 'sync_372', 'sync_568', 'sync_1658', 'sync_190', 'sync_1432', 'sync_1182', 'sync_557', 'sync_401', 'sync_90', 'sync_815', 'sync_746', 'sync_1200', 'sync_658', 'sync_1749', 'sync_1175', 'sync_901', 'sync_794', 'sync_1857', 'sync_513', 'sync_628', 'del_1412', 'add_1162']",1_mut,1000,20,0.5,good,2,37.68547511100769,0.4979269504547119,7.672476291656494,True
54,,"[1227, 777, 844, 127, 203, 536, 56, 382, 185, 117, 506, 516, 142, 221, 317, 351, 528, 1034, 380, 2605, 244, 891, 291, 222, 286, 366, 130, 383, 1012, 2471, 397, 1201, 1366, 1088, 1460, 1392, 567, 730, 1852, 700, 946, 247, 245, 52, 68, 24, 435, 670, 1132, 85]","['sync_1227', 'sync_777', 'sync_844', 'sync_127', 'sync_203', 'sync_536', 'sync_56', 'sync_382', 'sync_185', 'sync_117', 'sync_506', 'sync_516', 'sync_142', 'sync_221', 'sync_317', 'sync_351', 'sync_528', 'sync_1034', 'sync_380', 'sync_2605', 'sync_244', 'sync_891', 'sync_291', 'sync_222', 'sync_286', 'sync_366', 'sync_130', 'sync_383', 'sync_1012', 'sync_2471', 'sync_397', 'sync_1201', 'sync_1366', 'sync_1088', 'sync_1460', 'sync_1392', 'sync_567', 'sync_730', 'sync_1852', 'sync_700', 'sync_946', 'sync_247', 'sync_245', 'sync_52', 'sync_68', 'sync_24', 'sync_435', 'sync_670', 'sync_1132', 'del_85', 'add_971']",1_mut,1000,20,0.5,good,2,37.808271169662476,0.47679901123046875,8.646526336669922,True
55,,"[2070, 3023, 2863, 436, 116, 82, 1652, 554, 282, 107, 50, 1574, 1550, 418, 416, 2156, 54, 1529, 705, 1848, 338, 1034, 124, 1892, 2126, 83, 143, 720, 110, 89, 767, 135, 171, 724, 1466, 3, 415, 1646, 117, 412, 154, 1195, 2890, 548, 1493, 1636, 383, 438, 425, 397]","['sync_2070', 'sync_3023', 'sync_2863', 'sync_436', 'sync_116', 'sync_82', 'sync_1652', 'sync_554', 'sync_282', 'sync_107', 'sync_50', 'sync_1574', 'sync_1550', 'sync_418', 'sync_416', 'sync_2156', 'sync_54', 'sync_1529', 'sync_705', 'sync_1848', 'sync_338', 'sync_1034', 'sync_124', 'sync_1892', 'sync_2126', 'sync_83', 'sync_143', 'sync_720', 'sync_110', 'sync_89', 'sync_767', 'sync_135', 'sync_171', 'sync_724', 'sync_1466', 'sync_3', 'sync_415', 'sync_1646', 'sync_117', 'sync_412', 'sync_154', 'sync_1195', 'sync_2890', 'sync_548', 'sync_1493', 'sync_1636', 'sync_383', 'sync_438', 'sync_425', 'del_397', 'add_142']",1_mut,1000,20,0.5,bad,2,37.8317129611969,0.4352712631225586,8.928515911102295,True
56,,"[45, 789, 1059, 1341, 487, 97, 125, 133, 744, 1002, 27, 1242, 377, 715, 995, 65, 210, 218, 23, 991, 965, 644, 1001, 190, 252, 1271, 63, 469, 114]","['sync_45', 'sync_789', 'sync_1059', 'sync_1341', 'sync_487', 'sync_97', 'sync_125', 'sync_133', 'sync_744', 'sync_1002', 'sync_27', 'sync_1242', 'sync_377', 'sync_715', 'sync_995', 'sync_65', 'sync_210', 'sync_218', 'sync_23', 'sync_991', 'sync_965', 'sync_644', 'sync_1001', 'sync_190', 'sync_252', 'sync_1271', 'sync_63', 'sync_469', 'add_272', 'del_114']",1_mut,1000,20,0.5,good,2,37.40563893318176,0.3349449634552002,6.855445861816406,True
57,,"[169, 93, 2000, 658, 1134, 861, 97, 125, 965, 897, 27, 663, 1242, 592, 749, 715, 218, 23, 114, 644, 98, 278, 61, 587, 857, 377, 604]",,1_mut,1000,20,0.5,CounterfactualNotFound,0,39.49074983596802,0.0,0.0,True
58,,"[1114, 192, 768, 149, 147, 631, 1372, 1275, 1059, 273, 844, 904, 213, 855, 763, 168, 260, 22, 24, 796, 245, 52, 23, 211, 1552, 1241, 598, 40, 1846, 97, 382, 1587, 218, 10, 42, 391, 432, 719, 85, 281, 135, 51, 41, 129, 824, 247, 539, 117, 199, 392]","['sync_1114', 'sync_192', 'sync_768', 'sync_149', 'sync_147', 'sync_631', 'sync_1372', 'sync_1275', 'sync_1059', 'sync_273', 'sync_844', 'sync_904', 'sync_213', 'sync_855', 'sync_763', 'sync_168', 'sync_260', 'sync_22', 'sync_24', 'sync_796', 'sync_245', 'sync_52', 'sync_23', 'sync_211', 'sync_1552', 'sync_1241', 'sync_598', 'sync_40', 'sync_1846', 'sync_97', 'sync_382', 'sync_1587', 'sync_218', 'sync_10', 'sync_42', 'sync_391', 'sync_432', 'sync_719', 'sync_85', 'sync_281', 'sync_135', 'sync_51', 'sync_41', 'sync_129', 'sync_824', 'sync_247', 'sync_539', 'sync_117', 'sync_199', 'del_392', 'add_1786']",1_mut,1000,20,0.5,good,2,42.67002010345459,0.30617403984069824,3.2567381858825684,True
59,,"[2239, 1314, 422, 2699, 159, 1898, 1039, 1500, 587, 114, 725, 1394, 1941, 1174, 728, 1302, 426, 424, 199, 1265, 169, 768, 336, 1114, 196, 1573, 462, 1745, 490, 2073, 1094, 580, 1694, 1432, 457, 1517, 387, 1460, 568, 865, 2711, 1019, 713, 668, 901, 779, 676, 557, 201, 837]","['sync_2239', 'sync_1314', 'sync_422', 'sync_2699', 'sync_159', 'sync_1898', 'sync_1039', 'sync_1500', 'sync_587', 'sync_114', 'sync_725', 'sync_1394', 'sync_1941', 'sync_1174', 'sync_728', 'sync_1302', 'sync_426', 'sync_424', 'sync_199', 'sync_1265', 'sync_169', 'sync_768', 'sync_336', 'sync_1114', 'sync_196', 'sync_1573', 'sync_462', 'sync_1745', 'sync_490', 'sync_2073', 'sync_1094', 'sync_580', 'sync_1694', 'sync_1432', 'sync_457', 'sync_1517', 'sync_387', 'sync_1460', 'sync_568', 'sync_865', 'sync_2711', 'sync_1019', 'sync_713', 'sync_668', 'sync_901', 'sync_779', 'sync_676', 'sync_557', 'sync_201', 'add_1555', 'del_837']",1_mut,1000,20,0.5,bad,2,43.23919200897217,0.5725550651550293,8.62127423286438,True
60,,"[1060, 1964, 172, 648, 487, 16, 339, 1498, 1349, 961, 1923, 3030, 795, 695, 110, 218, 1497, 2096, 122, 2039, 39, 1248, 315, 426, 503, 1857, 2983, 1645, 397, 865, 1711, 958]","['sync_1060', 'sync_1964', 'sync_172', 'sync_648', 'sync_487', 'sync_16', 'sync_339', 'sync_1498', 'sync_1349', 'sync_961', 'sync_1923', 'sync_3030', 'sync_795', 'sync_695', 'sync_110', 'sync_218', 'sync_1497', 'sync_2096', 'sync_122', 'sync_2039', 'sync_39', 'sync_1248', 'sync_315', 'sync_426', 'sync_503', 'sync_1857', 'sync_2983', 'sync_1645', 'sync_397', 'sync_865', 'sync_1711', 'del_958', 'add_3201']",1_mut,1000,20,0.5,good,2,42.126091957092285,0.2383439540863037,5.057815790176392,True
61,,"[83, 1504, 202, 995, 1314, 1640, 2067, 1551, 1262, 538, 114, 626, 2520, 843, 146, 63, 1042, 1050, 11, 772, 19, 383, 1508, 1023, 485, 1765, 770, 78, 196, 632, 18, 9, 171, 616, 927, 589, 849, 159, 946, 2558, 1117, 604, 609, 1028, 1252, 76, 1532, 2510, 535, 1560]","['sync_83', 'sync_1504', 'sync_202', 'sync_995', 'sync_1314', 'sync_1640', 'sync_2067', 'sync_1551', 'sync_1262', 'sync_538', 'sync_114', 'sync_626', 'sync_2520', 'sync_843', 'sync_146', 'sync_63', 'sync_1042', 'sync_1050', 'sync_11', 'sync_772', 'sync_19', 'sync_383', 'sync_1508', 'sync_1023', 'sync_485', 'sync_1765', 'sync_770', 'sync_78', 'sync_196', 'sync_632', 'sync_18', 'sync_9', 'sync_171', 'sync_616', 'sync_927', 'sync_589', 'sync_849', 'sync_159', 'sync_946', 'sync_2558', 'sync_1117', 'sync_604', 'sync_609', 'sync_1028', 'sync_1252', 'sync_76', 'sync_1532', 'sync_2510', 'sync_535', 'del_1560', 'add_2564']",1_mut,1000,20,0.5,bad,2,42.88677000999451,0.5837199687957764,8.761718034744263,True
62,,"[851, 976, 1199, 203, 556, 2746, 1704, 1372, 87, 127, 1152, 1059, 1079, 2213, 131, 92, 1103, 1841, 576, 1037, 1251, 1086, 2781, 2295, 1656, 530, 1634, 694, 100, 2039, 1173, 965, 2336, 254, 1233, 429, 152, 1235, 1107, 1896, 57, 721, 213, 610, 633, 33, 31, 222, 2944, 164]","['sync_851', 'sync_976', 'sync_1199', 'sync_203', 'sync_556', 'sync_2746', 'sync_1704', 'sync_1372', 'sync_87', 'sync_127', 'sync_1152', 'sync_1059', 'sync_1079', 'sync_2213', 'sync_131', 'sync_92', 'sync_1103', 'sync_1841', 'sync_576', 'sync_1037', 'sync_1251', 'sync_1086', 'sync_2781', 'sync_2295', 'sync_1656', 'sync_530', 'sync_1634', 'sync_694', 'sync_100', 'sync_2039', 'sync_1173', 'sync_965', 'sync_2336', 'sync_254', 'sync_1233', 'sync_429', 'sync_152', 'sync_1235', 'sync_1107', 'sync_1896', 'sync_57', 'sync_721', 'sync_213', 'sync_610', 'sync_633', 'sync_33', 'sync_31', 'sync_222', 'sync_2944', 'del_164', 'add_2720']",1_mut,1000,20,0.5,good,2,42.62324094772339,0.5797679424285889,8.871480941772461,True
63,,"[129, 1065, 206, 292, 435, 4, 179, 2092, 957, 886, 3574, 1, 1395, 1530, 1467, 771, 560, 1543, 670, 487, 176, 2110, 45, 1263, 1518, 171, 1540, 601, 634, 835, 566, 757, 2234, 97, 764, 141, 432, 862, 214, 554, 678, 1574, 632, 1503, 595, 2571, 1384, 1642, 2127, 3233]","['sync_129', 'sync_1065', 'sync_206', 'sync_292', 'sync_435', 'sync_4', 'sync_179', 'sync_2092', 'sync_957', 'sync_886', 'sync_3574', 'sync_1', 'sync_1395', 'sync_1530', 'sync_1467', 'sync_771', 'sync_560', 'sync_1543', 'sync_670', 'sync_487', 'sync_176', 'sync_2110', 'sync_45', 'sync_1263', 'sync_1518', 'sync_171', 'sync_1540', 'sync_601', 'sync_634', 'sync_835', 'sync_566', 'sync_757', 'sync_2234', 'sync_97', 'sync_764', 'sync_141', 'sync_432', 'sync_862', 'sync_214', 'sync_554', 'sync_678', 'sync_1574', 'sync_632', 'sync_1503', 'sync_595', 'sync_2571', 'sync_1384', 'sync_1642', 'sync_2127', 'del_3233', 'add_1226']",1_mut,1000,20,0.5,good,2,39.17804312705994,0.44745707511901855,6.157293796539307,True
64,,"[1017, 581, 583, 1349, 389, 1914, 393, 128, 178, 744, 2706, 125, 23, 1345, 1099, 27, 6, 1567, 53, 1116, 1080, 184, 82, 2000, 1309, 218, 193, 798, 2001, 1043, 42, 715, 1677, 1211, 1051, 795, 1006, 756, 187, 1050, 16, 148, 1247, 14, 274, 1052, 143, 278, 1302, 1265]","['sync_1017', 'sync_581', 'sync_583', 'sync_1349', 'sync_389', 'sync_1914', 'sync_393', 'sync_128', 'sync_178', 'sync_744', 'sync_2706', 'sync_125', 'sync_23', 'sync_1345', 'sync_1099', 'sync_27', 'sync_6', 'sync_1567', 'sync_53', 'sync_1116', 'sync_1080', 'sync_184', 'sync_82', 'sync_2000', 'sync_1309', 'sync_218', 'sync_193', 'sync_798', 'sync_2001', 'sync_1043', 'sync_42', 'sync_715', 'sync_1677', 'sync_1211', 'sync_1051', 'sync_795', 'sync_1006', 'sync_756', 'sync_187', 'sync_1050', 'sync_16', 'sync_148', 'sync_1247', 'sync_14', 'sync_274', 'sync_1052', 'sync_143', 'sync_278', 'sync_1302', 'add_3310', 'del_1265']",1_mut,1000,20,0.5,good,2,38.405537128448486,0.46517086029052734,8.36035704612732,True
65,,"[702, 2256, 305, 129, 260, 218, 39, 133, 530, 98, 715, 429, 152, 211, 337, 306, 434, 121, 923, 63, 524, 105, 168, 24, 8, 97, 175, 125, 1467, 40, 27, 613, 10, 51, 505, 53, 34, 597, 208, 382, 391, 5, 718, 45, 128, 85, 124, 588, 206, 6]","['sync_702', 'sync_2256', 'sync_305', 'sync_129', 'sync_260', 'sync_218', 'sync_39', 'sync_133', 'sync_530', 'sync_98', 'sync_715', 'sync_429', 'sync_152', 'sync_211', 'sync_337', 'sync_306', 'sync_434', 'sync_121', 'sync_923', 'sync_63', 'sync_524', 'sync_105', 'sync_168', 'sync_24', 'sync_8', 'sync_97', 'sync_175', 'sync_125', 'sync_1467', 'sync_40', 'sync_27', 'sync_613', 'sync_10', 'sync_51', 'sync_505', 'sync_53', 'sync_34', 'sync_597', 'sync_208', 'sync_382', 'sync_391', 'sync_5', 'sync_718', 'sync_45', 'sync_128', 'sync_85', 'sync_124', 'sync_588', 'sync_206', 'del_6', 'add_404']",1_mut,1000,20,0.5,good,2,37.54930305480957,0.4849510192871094,9.117050886154175,True
66,,"[146, 2160, 2770, 705, 266, 1305, 90, 2081, 224, 1669, 37, 793, 822, 488, 1908, 413, 1394, 909, 2100, 1360, 1774, 448, 888, 2755, 462, 2471, 115, 1935, 2422, 1059, 2300, 509, 2744, 1310, 2555, 482, 1982, 3191, 1897, 451, 159, 2246, 1975, 1435, 446, 1749, 1861, 2688, 660, 754]","['sync_146', 'sync_2160', 'sync_2770', 'sync_705', 'sync_266', 'sync_1305', 'sync_90', 'sync_2081', 'sync_224', 'sync_1669', 'sync_37', 'sync_793', 'sync_822', 'sync_488', 'sync_1908', 'sync_413', 'sync_1394', 'sync_909', 'sync_2100', 'sync_1360', 'sync_1774', 'sync_448', 'sync_888', 'sync_2755', 'sync_462', 'sync_2471', 'sync_115', 'sync_1935', 'sync_2422', 'sync_1059', 'sync_2300', 'sync_509', 'sync_2744', 'sync_1310', 'sync_2555', 'sync_482', 'sync_1982', 'sync_3191', 'sync_1897', 'sync_451', 'sync_159', 'sync_2246', 'sync_1975', 'sync_1435', 'sync_446', 'sync_1749', 'sync_1861', 'sync_2688', 'sync_660', 'add_3056', 'del_754']",1_mut,1000,20,0.5,good,2,37.76155185699463,0.43251705169677734,6.515928030014038,True
67,,"[2825, 2165, 39, 1816, 218, 23, 2644, 715, 98, 734, 210, 1894, 991, 2502, 97, 947, 78, 999, 663, 221, 125, 133, 377, 65, 61, 114, 994, 278, 190, 749, 539, 215, 63, 161, 776]","['sync_2825', 'sync_2165', 'sync_39', 'sync_1816', 'sync_218', 'sync_23', 'sync_2644', 'sync_715', 'sync_98', 'sync_734', 'sync_210', 'sync_1894', 'sync_991', 'sync_2502', 'sync_97', 'sync_947', 'sync_78', 'sync_999', 'sync_663', 'sync_221', 'sync_125', 'sync_133', 'sync_377', 'sync_65', 'sync_61', 'sync_114', 'sync_994', 'sync_278', 'sync_190', 'sync_749', 'sync_539', 'sync_215', 'sync_63', 'sync_161', 'del_776', 'add_708']",1_mut,1000,20,0.5,good,2,37.66174077987671,0.38494300842285156,7.887915849685669,True
68,,"[220, 932, 801, 881, 39, 673, 892, 1106, 445, 749, 15, 500, 510, 1713, 729, 114, 464, 407, 417, 2, 1334, 1336, 51, 520, 237, 854, 920, 549, 2280, 285, 4, 1694, 100, 832, 434, 2092, 1673, 1999, 518, 196, 174, 2816, 2806, 60, 118, 203, 1268, 1316, 147, 1651]","['sync_220', 'sync_932', 'sync_801', 'sync_881', 'sync_39', 'sync_673', 'sync_892', 'sync_1106', 'sync_445', 'sync_749', 'sync_15', 'sync_500', 'sync_510', 'sync_1713', 'sync_729', 'sync_114', 'sync_464', 'sync_407', 'sync_417', 'sync_2', 'sync_1334', 'sync_1336', 'sync_51', 'sync_520', 'sync_237', 'sync_854', 'sync_920', 'sync_549', 'sync_2280', 'sync_285', 'sync_4', 'sync_1694', 'sync_100', 'sync_832', 'sync_434', 'sync_2092', 'sync_1673', 'sync_1999', 'sync_518', 'sync_196', 'sync_174', 'sync_2816', 'sync_2806', 'sync_60', 'sync_118', 'sync_203', 'sync_1268', 'sync_1316', 'sync_147', 'add_777', 'del_1651']",1_mut,1000,20,0.5,good,2,37.76181769371033,0.494434118270874,9.985741138458252,True
69,,"[2150, 60, 124, 1575, 549, 13, 144, 169, 53, 571, 1050, 107, 514, 143, 705, 2081, 2426, 75, 521, 1164, 35, 1869, 15, 720, 45, 128, 65, 152, 211, 151, 196, 79, 91, 647, 712, 588, 146, 28, 734, 1273, 201, 219, 187, 206, 844, 648, 676, 181, 1082, 1083]","['sync_2150', 'sync_60', 'sync_124', 'sync_1575', 'sync_549', 'sync_13', 'sync_144', 'sync_169', 'sync_53', 'sync_571', 'sync_1050', 'sync_107', 'sync_514', 'sync_143', 'sync_705', 'sync_2081', 'sync_2426', 'sync_75', 'sync_521', 'sync_1164', 'sync_35', 'sync_1869', 'sync_15', 'sync_720', 'sync_45', 'sync_128', 'sync_65', 'sync_152', 'sync_211', 'sync_151', 'sync_196', 'sync_79', 'sync_91', 'sync_647', 'sync_712', 'sync_588', 'sync_146', 'sync_28', 'sync_734', 'sync_1273', 'sync_201', 'sync_219', 'sync_187', 'sync_206', 'sync_844', 'sync_648', 'sync_676', 'sync_181', 'sync_1082', 'add_2923', 'del_1083']",1_mut,1000,20,0.5,good,2,37.824806928634644,0.5195817947387695,9.080265045166016,True
70,,"[128, 152, 872, 129, 91, 61, 221, 1587, 493, 45, 539, 78, 663, 1006, 97, 600, 749, 23, 1009, 27, 1059, 215, 715, 1019, 587, 644, 278, 161, 969, 645, 1002, 87, 2367, 134, 620, 975, 120, 763, 1711, 990, 2374, 1076, 565, 1134]","['sync_128', 'sync_152', 'sync_872', 'sync_129', 'sync_91', 'sync_61', 'sync_221', 'sync_1587', 'sync_493', 'sync_45', 'sync_539', 'sync_78', 'sync_663', 'sync_1006', 'sync_97', 'sync_600', 'sync_749', 'sync_23', 'sync_1009', 'sync_27', 'sync_1059', 'sync_215', 'sync_715', 'sync_1019', 'sync_587', 'sync_644', 'sync_278', 'sync_161', 'sync_969', 'sync_645', 'sync_1002', 'sync_87', 'sync_2367', 'sync_134', 'sync_620', 'sync_975', 'sync_120', 'sync_763', 'sync_1711', 'sync_990', 'sync_2374', 'sync_1076', 'sync_565', 'add_2048', 'del_1134']",1_mut,1000,20,0.5,good,2,38.69870686531067,0.5012288093566895,8.543025255203247,True
71,,"[8, 600, 1513, 1195, 566, 46, 702, 1002, 425, 1530, 1043, 586, 1642, 757, 1298, 734, 171, 117, 1211, 200, 712, 184, 624, 617, 1795, 710, 1692, 169, 1309, 5, 1501, 689, 1252, 199, 723, 756, 538, 604, 815, 626, 386, 1349, 638, 1311, 520, 406, 1713, 69, 1847, 820]","['sync_8', 'sync_600', 'sync_1513', 'sync_1195', 'sync_566', 'sync_46', 'sync_702', 'sync_1002', 'sync_425', 'sync_1530', 'sync_1043', 'sync_586', 'sync_1642', 'sync_757', 'sync_1298', 'sync_734', 'sync_171', 'sync_117', 'sync_1211', 'sync_200', 'sync_712', 'sync_184', 'sync_624', 'sync_617', 'sync_1795', 'sync_710', 'sync_1692', 'sync_169', 'sync_1309', 'sync_5', 'sync_1501', 'sync_689', 'sync_1252', 'sync_199', 'sync_723', 'sync_756', 'sync_538', 'sync_604', 'sync_815', 'sync_626', 'sync_386', 'sync_1349', 'sync_638', 'sync_1311', 'sync_520', 'sync_406', 'sync_1713', 'sync_69', 'sync_1847', 'del_820', 'add_2909']",1_mut,1000,20,0.5,good,2,39.117117166519165,0.4004950523376465,7.223203182220459,True
72,,"[613, 393, 1798, 2728, 1416, 1250, 2092, 1705, 45, 125, 670, 1093, 49, 720, 2618, 216, 1110, 200, 98, 137, 1476, 210, 218, 214, 213, 6, 133, 217, 729, 1155, 547, 7]","['sync_613', 'sync_393', 'sync_1798', 'sync_2728', 'sync_1416', 'sync_1250', 'sync_2092', 'sync_1705', 'sync_45', 'sync_125', 'sync_670', 'sync_1093', 'sync_49', 'sync_720', 'sync_2618', 'sync_216', 'sync_1110', 'sync_200', 'sync_98', 'sync_137', 'sync_1476', 'sync_210', 'sync_218', 'sync_214', 'sync_213', 'sync_6', 'sync_133', 'sync_217', 'sync_729', 'sync_1155', 'sync_547', 'add_1888', 'del_7']",1_mut,1000,20,0.5,good,2,38.34212398529053,0.41385889053344727,7.771602153778076,True
73,,"[1974, 49, 1086, 770, 1, 2448, 257, 373, 318, 2479, 17, 877, 899, 2238, 945, 1649, 455, 1769, 70, 61, 1794]","['sync_1974', 'sync_49', 'sync_1086', 'sync_770', 'sync_1', 'sync_2448', 'sync_257', 'sync_373', 'sync_318', 'sync_2479', 'sync_17', 'sync_877', 'sync_899', 'sync_2238', 'sync_945', 'sync_1649', 'sync_455', 'sync_1769', 'sync_70', 'sync_61', 'del_1794', 'add_2342']",1_mut,1000,20,0.5,good,2,37.725449085235596,0.09244179725646973,2.4393110275268555,True
74,,"[946, 284, 480, 54, 507, 157, 418, 454, 2162, 313, 1756, 1097, 413, 436, 528, 1107, 492, 384, 551, 331, 1982, 1630, 511, 438, 325, 124, 142, 366, 503, 60, 476, 146, 76, 378, 485, 509, 260, 796, 1489, 129, 68, 259, 135, 168, 281, 39, 337, 195, 543, 372]","['sync_946', 'sync_284', 'sync_480', 'sync_54', 'sync_507', 'sync_157', 'sync_418', 'sync_454', 'sync_2162', 'sync_313', 'sync_1756', 'sync_1097', 'sync_413', 'sync_436', 'sync_528', 'sync_1107', 'sync_492', 'sync_384', 'sync_551', 'sync_331', 'sync_1982', 'sync_1630', 'sync_511', 'sync_438', 'sync_325', 'sync_124', 'sync_142', 'sync_366', 'sync_503', 'sync_60', 'sync_476', 'sync_146', 'sync_76', 'sync_378', 'sync_485', 'sync_509', 'sync_260', 'sync_796', 'sync_1489', 'sync_129', 'sync_68', 'sync_259', 'sync_135', 'sync_168', 'sync_281', 'sync_39', 'sync_337', 'sync_195', 'sync_543', 'del_372', 'add_2288']",1_mut,1000,20,0.5,good,2,39.448384046554565,0.4937310218811035,8.530224800109863,True
75,,"[1, 2266, 468, 802, 1260, 651, 652, 1856, 105, 369, 863, 353, 513, 789, 874, 877, 279, 909, 516, 928, 945, 185, 1936, 867, 5, 791, 232, 1997, 780, 70, 509, 1709, 933, 1559, 937, 355, 1691]","['sync_1', 'sync_2266', 'sync_468', 'sync_802', 'sync_1260', 'sync_651', 'sync_652', 'sync_1856', 'sync_105', 'sync_369', 'sync_863', 'sync_353', 'sync_513', 'sync_789', 'sync_874', 'sync_877', 'sync_279', 'sync_909', 'sync_516', 'sync_928', 'sync_945', 'sync_185', 'sync_1936', 'sync_867', 'sync_5', 'sync_791', 'sync_232', 'sync_1997', 'sync_780', 'sync_70', 'sync_509', 'sync_1709', 'sync_933', 'sync_1559', 'sync_937', 'sync_355', 'del_1691', 'add_2456']",1_mut,1000,20,0.5,bad,2,38.63385224342346,0.3924269676208496,7.449703216552734,True
76,,"[899, 453, 2265, 1483, 524, 872, 149, 815, 874, 912, 1059, 145, 557, 984, 1993, 289, 606, 1959, 2478, 1203, 739, 397, 1136, 1146, 791, 2476, 585, 648, 1399, 1260, 794, 823, 2675, 2505, 1191, 911, 2780, 2655, 684, 1841, 1204, 700, 328, 108, 182, 565, 3091, 2136, 878, 1064]","['sync_899', 'sync_453', 'sync_2265', 'sync_1483', 'sync_524', 'sync_872', 'sync_149', 'sync_815', 'sync_874', 'sync_912', 'sync_1059', 'sync_145', 'sync_557', 'sync_984', 'sync_1993', 'sync_289', 'sync_606', 'sync_1959', 'sync_2478', 'sync_1203', 'sync_739', 'sync_397', 'sync_1136', 'sync_1146', 'sync_791', 'sync_2476', 'sync_585', 'sync_648', 'sync_1399', 'sync_1260', 'sync_794', 'sync_823', 'sync_2675', 'sync_2505', 'sync_1191', 'sync_911', 'sync_2780', 'sync_2655', 'sync_684', 'sync_1841', 'sync_1204', 'sync_700', 'sync_328', 'sync_108', 'sync_182', 'sync_565', 'sync_3091', 'sync_2136', 'sync_878', 'del_1064', 'add_2512']",1_mut,1000,20,0.5,good,2,39.10067892074585,0.42453718185424805,6.913349151611328,True
77,,"[405, 1418, 1476, 1155, 63, 121, 858, 288, 168, 72, 276, 93, 1099, 1311, 98, 157, 83, 836, 557, 658, 510, 99, 200, 524, 789, 791, 20, 568, 125, 376, 1110, 837, 108, 152, 147, 349, 114, 1656, 2265, 266, 642, 120, 647, 897, 135, 746, 691, 58, 2292, 2262]","['sync_405', 'sync_1418', 'sync_1476', 'sync_1155', 'sync_63', 'sync_121', 'sync_858', 'sync_288', 'sync_168', 'sync_72', 'sync_276', 'sync_93', 'sync_1099', 'sync_1311', 'sync_98', 'sync_157', 'sync_83', 'sync_836', 'sync_557', 'sync_658', 'sync_510', 'sync_99', 'sync_200', 'sync_524', 'sync_789', 'sync_791', 'sync_20', 'sync_568', 'sync_125', 'sync_376', 'sync_1110', 'sync_837', 'sync_108', 'sync_152', 'sync_147', 'sync_349', 'sync_114', 'sync_1656', 'sync_2265', 'sync_266', 'sync_642', 'sync_120', 'sync_647', 'sync_897', 'sync_135', 'sync_746', 'sync_691', 'sync_58', 'sync_2292', 'del_2262', 'add_1116']",1_mut,1000,20,0.5,good,2,39.15981316566467,0.5309247970581055,8.877472162246704,True
78,,"[833, 568, 178, 93, 293, 105, 435, 670, 1, 487, 796, 45, 245, 128, 106, 49, 260, 68, 1159, 554, 257, 125, 55, 52]","['sync_833', 'sync_568', 'sync_178', 'sync_93', 'sync_293', 'sync_105', 'sync_435', 'sync_670', 'sync_1', 'sync_487', 'sync_796', 'sync_45', 'sync_245', 'sync_128', 'sync_106', 'sync_49', 'sync_260', 'sync_68', 'sync_1159', 'sync_554', 'sync_257', 'sync_125', 'sync_55', 'add_3573', 'del_52']",1_mut,1000,20,0.5,good,2,37.90305685997009,0.22188901901245117,5.577161073684692,True
79,,"[2265, 39, 96, 460, 1233, 323, 890, 877, 1119, 918, 329, 2557, 466, 524, 255, 1904, 1665, 3446, 874, 1214, 2422, 898, 899, 86, 2556, 3075, 1993, 1690, 1666, 502, 504, 1156, 937, 2136, 2260, 3140, 1350, 1422, 3263, 1671, 2169, 1965, 2125, 1967, 1860, 2098, 932, 878, 1086, 1856]","['sync_2265', 'sync_39', 'sync_96', 'sync_460', 'sync_1233', 'sync_323', 'sync_890', 'sync_877', 'sync_1119', 'sync_918', 'sync_329', 'sync_2557', 'sync_466', 'sync_524', 'sync_255', 'sync_1904', 'sync_1665', 'sync_3446', 'sync_874', 'sync_1214', 'sync_2422', 'sync_898', 'sync_899', 'sync_86', 'sync_2556', 'sync_3075', 'sync_1993', 'sync_1690', 'sync_1666', 'sync_502', 'sync_504', 'sync_1156', 'sync_937', 'sync_2136', 'sync_2260', 'sync_3140', 'sync_1350', 'sync_1422', 'sync_3263', 'sync_1671', 'sync_2169', 'sync_1965', 'sync_2125', 'sync_1967', 'sync_1860', 'sync_2098', 'sync_932', 'sync_878', 'sync_1086', 'del_1856', 'add_1537']",1_mut,1000,20,0.5,good,2,39.175010681152344,0.2986748218536377,5.06284499168396,True
80,,"[1314, 129, 1836, 670, 24, 421, 10, 662, 2757, 106, 49, 1856, 353, 874, 909, 2029, 928, 791, 2216, 70, 509, 1709, 364, 920, 436, 269, 502, 220, 274, 878, 890, 932, 936, 339, 1003, 1125, 2009, 333, 360, 1367, 2160, 881, 308, 899, 916, 219, 2140, 446, 892, 1752]","['sync_1314', 'sync_129', 'sync_1836', 'sync_670', 'sync_24', 'sync_421', 'sync_10', 'sync_662', 'sync_2757', 'sync_106', 'sync_49', 'sync_1856', 'sync_353', 'sync_874', 'sync_909', 'sync_2029', 'sync_928', 'sync_791', 'sync_2216', 'sync_70', 'sync_509', 'sync_1709', 'sync_364', 'sync_920', 'sync_436', 'sync_269', 'sync_502', 'sync_220', 'sync_274', 'sync_878', 'sync_890', 'sync_932', 'sync_936', 'sync_339', 'sync_1003', 'sync_1125', 'sync_2009', 'sync_333', 'sync_360', 'sync_1367', 'sync_2160', 'sync_881', 'sync_308', 'sync_899', 'sync_916', 'sync_219', 'sync_2140', 'sync_446', 'sync_892', 'del_1752', 'add_1924']",1_mut,1000,20,0.5,good,2,39.22424602508545,0.4371609687805176,8.222936868667603,True
81,,"[382, 177, 135, 316, 21, 244, 1682, 222, 538, 1865, 34, 383, 816, 1595, 346, 1178, 1257, 741, 372, 165, 891, 535, 789, 1315, 1312, 826, 1290, 190, 458, 1310, 358, 658, 919, 180, 1758, 1182, 1658, 1136, 687, 568, 557, 640, 515, 1154, 746, 1776, 910, 90, 1089, 907]","['sync_382', 'sync_177', 'sync_135', 'sync_316', 'sync_21', 'sync_244', 'sync_1682', 'sync_222', 'sync_538', 'sync_1865', 'sync_34', 'sync_383', 'sync_816', 'sync_1595', 'sync_346', 'sync_1178', 'sync_1257', 'sync_741', 'sync_372', 'sync_165', 'sync_891', 'sync_535', 'sync_789', 'sync_1315', 'sync_1312', 'sync_826', 'sync_1290', 'sync_190', 'sync_458', 'sync_1310', 'sync_358', 'sync_658', 'sync_919', 'sync_180', 'sync_1758', 'sync_1182', 'sync_1658', 'sync_1136', 'sync_687', 'sync_568', 'sync_557', 'sync_640', 'sync_515', 'sync_1154', 'sync_746', 'sync_1776', 'sync_910', 'sync_90', 'sync_1089', 'del_907', 'add_1762']",1_mut,1000,20,0.5,good,2,39.204761028289795,0.4284210205078125,7.330447196960449,True
82,,"[1073, 129, 24, 133, 98, 384, 93, 256, 327, 172, 124, 60, 28, 111, 899, 885, 612, 216, 719, 1476, 840, 598, 200, 112, 1508, 209, 1040, 202, 547, 114, 49, 217, 210, 214, 588, 206, 79, 1169, 168, 624, 394, 1004, 715, 1560, 759, 771, 634, 207, 566, 2495]","['sync_1073', 'sync_129', 'sync_24', 'sync_133', 'sync_98', 'sync_384', 'sync_93', 'sync_256', 'sync_327', 'sync_172', 'sync_124', 'sync_60', 'sync_28', 'sync_111', 'sync_899', 'sync_885', 'sync_612', 'sync_216', 'sync_719', 'sync_1476', 'sync_840', 'sync_598', 'sync_200', 'sync_112', 'sync_1508', 'sync_209', 'sync_1040', 'sync_202', 'sync_547', 'sync_114', 'sync_49', 'sync_217', 'sync_210', 'sync_214', 'sync_588', 'sync_206', 'sync_79', 'sync_1169', 'sync_168', 'sync_624', 'sync_394', 'sync_1004', 'sync_715', 'sync_1560', 'sync_759', 'sync_771', 'sync_634', 'sync_207', 'sync_566', 'del_2495', 'add_2894']",1_mut,1000,20,0.5,bad,2,38.76878094673157,0.4497830867767334,8.250869989395142,True
83,,"[135, 378, 528, 643, 177, 731, 344, 538, 20, 516, 336, 1201, 370, 693, 2417, 619, 397, 275, 1186, 515, 90, 794, 357, 872, 640, 568, 557, 1304, 1231, 1849, 84, 593, 399, 684, 628, 1222, 914, 735, 194, 1827, 700, 1141, 1338, 1084, 1859, 2271, 325, 591, 185, 1692]","['sync_135', 'sync_378', 'sync_528', 'sync_643', 'sync_177', 'sync_731', 'sync_344', 'sync_538', 'sync_20', 'sync_516', 'sync_336', 'sync_1201', 'sync_370', 'sync_693', 'sync_2417', 'sync_619', 'sync_397', 'sync_275', 'sync_1186', 'sync_515', 'sync_90', 'sync_794', 'sync_357', 'sync_872', 'sync_640', 'sync_568', 'sync_557', 'sync_1304', 'sync_1231', 'sync_1849', 'sync_84', 'sync_593', 'sync_399', 'sync_684', 'sync_628', 'sync_1222', 'sync_914', 'sync_735', 'sync_194', 'sync_1827', 'sync_700', 'sync_1141', 'sync_1338', 'sync_1084', 'sync_1859', 'sync_2271', 'sync_325', 'sync_591', 'sync_185', 'del_1692', 'add_2680']",1_mut,1000,20,0.5,good,2,38.9949848651886,0.5200309753417969,10.072953701019287,True
84,,"[207, 1071, 1789, 289, 1486, 958, 373, 499, 2054, 2479, 61, 1380, 2052, 2321, 139, 1177, 522, 777, 1443, 127, 1586, 1658, 265, 1527, 1958, 181, 492, 1914, 2671, 306, 285, 455, 2803, 267, 516, 319, 2487, 789, 1668, 379, 358, 128, 1150, 347, 1688, 1107, 332, 1343, 3411, 2584]","['sync_207', 'sync_1071', 'sync_1789', 'sync_289', 'sync_1486', 'sync_958', 'sync_373', 'sync_499', 'sync_2054', 'sync_2479', 'sync_61', 'sync_1380', 'sync_2052', 'sync_2321', 'sync_139', 'sync_1177', 'sync_522', 'sync_777', 'sync_1443', 'sync_127', 'sync_1586', 'sync_1658', 'sync_265', 'sync_1527', 'sync_1958', 'sync_181', 'sync_492', 'sync_1914', 'sync_2671', 'sync_306', 'sync_285', 'sync_455', 'sync_2803', 'sync_267', 'sync_516', 'sync_319', 'sync_2487', 'sync_789', 'sync_1668', 'sync_379', 'sync_358', 'sync_128', 'sync_1150', 'sync_347', 'sync_1688', 'sync_1107', 'sync_332', 'sync_1343', 'sync_3411', 'add_2821', 'del_2584']",1_mut,1000,20,0.5,bad,2,39.23446488380432,0.4543931484222412,8.528164863586426,True
85,,"[449, 1593, 1686, 1774, 614, 473, 1527, 585, 499, 522, 2640, 2201, 1407, 1380, 1798, 1408, 472, 1225, 396, 2287, 2379, 1969, 2418, 22, 1183, 168, 68, 337, 129, 2505, 157, 52, 1524, 150, 260, 277, 245, 2040, 185, 247, 940, 339, 1536, 122, 2039, 795, 2634, 1077, 1645, 1965]","['sync_449', 'sync_1593', 'sync_1686', 'sync_1774', 'sync_614', 'sync_473', 'sync_1527', 'sync_585', 'sync_499', 'sync_522', 'sync_2640', 'sync_2201', 'sync_1407', 'sync_1380', 'sync_1798', 'sync_1408', 'sync_472', 'sync_1225', 'sync_396', 'sync_2287', 'sync_2379', 'sync_1969', 'sync_2418', 'sync_22', 'sync_1183', 'sync_168', 'sync_68', 'sync_337', 'sync_129', 'sync_2505', 'sync_157', 'sync_52', 'sync_1524', 'sync_150', 'sync_260', 'sync_277', 'sync_245', 'sync_2040', 'sync_185', 'sync_247', 'sync_940', 'sync_339', 'sync_1536', 'sync_122', 'sync_2039', 'sync_795', 'sync_2634', 'sync_1077', 'sync_1645', 'del_1965', 'add_1633']",1_mut,1000,20,0.5,good,2,38.971688985824585,0.4846467971801758,9.320760726928711,True
86,,"[2965, 1559, 1560, 1259, 3044, 460, 1235, 2140, 524, 2073, 884, 1832, 2746, 2493, 1173, 2145, 305, 1969, 963, 3, 117, 727, 1762, 415, 265, 370, 614, 239, 420, 797, 320, 1340, 2075, 1390, 1922, 961, 1212, 1535, 293, 1584, 650, 1632, 12, 1532, 2228, 2221, 618, 15, 2328, 403]",,1_mut,1000,20,0.5,CounterfactualNotFound,0,38.95207095146179,0.0,0.0,True
87,,"[123, 289, 1146, 1244, 265, 906, 152, 320, 1015, 252, 880, 323, 1059, 87, 844, 896, 494, 1191, 536, 22, 5, 955, 2185, 190, 365, 114, 600, 156, 539, 161, 684, 529, 120, 1076, 897, 1001, 125, 1242, 65, 739, 744, 97, 45, 1017, 663, 1941, 612, 44, 1, 1458]","['sync_123', 'sync_289', 'sync_1146', 'sync_1244', 'sync_265', 'sync_906', 'sync_152', 'sync_320', 'sync_1015', 'sync_252', 'sync_880', 'sync_323', 'sync_1059', 'sync_87', 'sync_844', 'sync_896', 'sync_494', 'sync_1191', 'sync_536', 'sync_22', 'sync_5', 'sync_955', 'sync_2185', 'sync_190', 'sync_365', 'sync_114', 'sync_600', 'sync_156', 'sync_539', 'sync_161', 'sync_684', 'sync_529', 'sync_120', 'sync_1076', 'sync_897', 'sync_1001', 'sync_125', 'sync_1242', 'sync_65', 'sync_739', 'sync_744', 'sync_97', 'sync_45', 'sync_1017', 'sync_663', 'sync_1941', 'sync_612', 'sync_44', 'sync_1', 'del_1458', 'add_2586']",1_mut,1000,20,0.5,good,2,38.83307600021362,0.4014871120452881,6.293856143951416,True
88,,"[1002, 1005, 703, 600, 749, 1009, 897, 738, 98, 1059, 433, 190, 991, 587, 1620, 195, 611, 200, 1609, 917, 624, 394, 2234, 395, 1508, 216, 209, 2554, 124, 1833, 2878, 846, 1004, 739, 1231, 84, 1359, 197, 930, 1081, 128, 137, 1476, 670, 1469, 1093, 720, 729, 152, 211]","['sync_1002', 'sync_1005', 'sync_703', 'sync_600', 'sync_749', 'sync_1009', 'sync_897', 'sync_738', 'sync_98', 'sync_1059', 'sync_433', 'sync_190', 'sync_991', 'sync_587', 'sync_1620', 'sync_195', 'sync_611', 'sync_200', 'sync_1609', 'sync_917', 'sync_624', 'sync_394', 'sync_2234', 'sync_395', 'sync_1508', 'sync_216', 'sync_209', 'sync_2554', 'sync_124', 'sync_1833', 'sync_2878', 'sync_846', 'sync_1004', 'sync_739', 'sync_1231', 'sync_84', 'sync_1359', 'sync_197', 'sync_930', 'sync_1081', 'sync_128', 'sync_137', 'sync_1476', 'sync_670', 'sync_1469', 'sync_1093', 'sync_720', 'sync_729', 'sync_152', 'del_211', 'add_446']",1_mut,1000,20,0.5,good,2,39.304349184036255,0.3556180000305176,6.8863160610198975,True
89,,"[125, 6, 391, 22, 1075, 20, 435, 612, 45, 260, 1299, 207, 52, 89, 540, 23, 530, 274, 211, 11, 421, 663, 694, 176, 601, 187, 172, 14, 44, 644, 774, 1332, 95, 983, 715, 1110, 647, 670, 516, 317, 65, 85, 152, 214, 53, 219, 1116, 284, 5, 114]","['sync_125', 'sync_6', 'sync_391', 'sync_22', 'sync_1075', 'sync_20', 'sync_435', 'sync_612', 'sync_45', 'sync_260', 'sync_1299', 'sync_207', 'sync_52', 'sync_89', 'sync_540', 'sync_23', 'sync_530', 'sync_274', 'sync_211', 'sync_11', 'sync_421', 'sync_663', 'sync_694', 'sync_176', 'sync_601', 'sync_187', 'sync_172', 'sync_14', 'sync_44', 'sync_644', 'sync_774', 'sync_1332', 'sync_95', 'sync_983', 'sync_715', 'sync_1110', 'sync_647', 'sync_670', 'sync_516', 'sync_317', 'sync_65', 'sync_85', 'sync_152', 'sync_214', 'sync_53', 'sync_219', 'sync_1116', 'sync_284', 'sync_5', 'add_3258', 'del_114']",1_mut,1000,20,0.5,good,2,39.02971291542053,0.48569202423095703,8.631707906723022,True
90,,"[693, 1186, 425, 291, 1257, 376, 1107, 1999, 592, 1577, 842, 1567, 1042, 587, 309, 1669, 848, 2156, 278, 1358, 507, 566, 8, 487, 105, 2578, 965, 1585, 663, 125, 1676, 530, 100, 1457, 337, 471, 432, 193, 1395, 1106, 500, 2019, 2092, 886, 1188, 174, 69, 518, 238, 1713]","['sync_693', 'sync_1186', 'sync_425', 'sync_291', 'sync_1257', 'sync_376', 'sync_1107', 'sync_1999', 'sync_592', 'sync_1577', 'sync_842', 'sync_1567', 'sync_1042', 'sync_587', 'sync_309', 'sync_1669', 'sync_848', 'sync_2156', 'sync_278', 'sync_1358', 'sync_507', 'sync_566', 'sync_8', 'sync_487', 'sync_105', 'sync_2578', 'sync_965', 'sync_1585', 'sync_663', 'sync_125', 'sync_1676', 'sync_530', 'sync_100', 'sync_1457', 'sync_337', 'sync_471', 'sync_432', 'sync_193', 'sync_1395', 'sync_1106', 'sync_500', 'sync_2019', 'sync_2092', 'sync_886', 'sync_1188', 'sync_174', 'sync_69', 'sync_518', 'sync_238', 'add_3101', 'del_1713']",1_mut,1000,20,0.5,good,2,39.07756686210632,0.5245740413665771,10.962277173995972,True
91,,"[1731, 1518, 154, 2084, 2047, 561, 1127, 1848, 100, 1538, 2036, 237, 178, 724, 3047, 532, 3238, 832, 51, 416, 44, 1106, 2107, 2241, 356, 316, 135, 3487, 1683, 983, 346, 2016, 2626, 299, 1309, 2131, 8, 253, 611, 798, 200, 1620, 2106, 3064, 1060, 3250, 1062, 500, 20, 1445]","['sync_1731', 'sync_1518', 'sync_154', 'sync_2084', 'sync_2047', 'sync_561', 'sync_1127', 'sync_1848', 'sync_100', 'sync_1538', 'sync_2036', 'sync_237', 'sync_178', 'sync_724', 'sync_3047', 'sync_532', 'sync_3238', 'sync_832', 'sync_51', 'sync_416', 'sync_44', 'sync_1106', 'sync_2107', 'sync_2241', 'sync_356', 'sync_316', 'sync_135', 'sync_3487', 'sync_1683', 'sync_983', 'sync_346', 'sync_2016', 'sync_2626', 'sync_299', 'sync_1309', 'sync_2131', 'sync_8', 'sync_253', 'sync_611', 'sync_798', 'sync_200', 'sync_1620', 'sync_2106', 'sync_3064', 'sync_1060', 'sync_3250', 'sync_1062', 'sync_500', 'sync_20', 'del_1445', 'add_488']",1_mut,1000,20,0.5,good,2,39.06499004364014,0.5080907344818115,9.25515604019165,True
92,,"[1210, 755, 2014, 1723, 2520, 1064, 2974, 2663, 1718, 1159, 1116, 601, 1127, 214, 2713, 1459, 432, 2369, 1531, 1118, 1122, 1536, 595, 274, 3431, 302, 1123, 1129, 1509, 1577, 869, 1150, 1117, 2371, 1128, 2372, 2468, 1112, 1886, 636, 1501, 2977, 2237, 2557, 585, 1977, 716, 1154, 2840, 2969]","['sync_1210', 'sync_755', 'sync_2014', 'sync_1723', 'sync_2520', 'sync_1064', 'sync_2974', 'sync_2663', 'sync_1718', 'sync_1159', 'sync_1116', 'sync_601', 'sync_1127', 'sync_214', 'sync_2713', 'sync_1459', 'sync_432', 'sync_2369', 'sync_1531', 'sync_1118', 'sync_1122', 'sync_1536', 'sync_595', 'sync_274', 'sync_3431', 'sync_302', 'sync_1123', 'sync_1129', 'sync_1509', 'sync_1577', 'sync_869', 'sync_1150', 'sync_1117', 'sync_2371', 'sync_1128', 'sync_2372', 'sync_2468', 'sync_1112', 'sync_1886', 'sync_636', 'sync_1501', 'sync_2977', 'sync_2237', 'sync_2557', 'sync_585', 'sync_1977', 'sync_716', 'sync_1154', 'sync_2840', 'del_2969', 'add_3319']",1_mut,1000,20,0.5,bad,2,38.78979277610779,0.5092029571533203,8.845568895339966,True
93,,"[1872, 1025, 558, 172, 397, 76, 231, 815, 438, 1312, 1165, 691, 1682, 640, 1195, 2772, 488, 1313, 1631, 553, 577, 584, 1443, 797, 1681, 1334, 401, 675, 1687, 482, 1385, 1750, 1686, 472, 130, 730, 1756, 383, 21, 506, 891, 177, 90, 165, 572, 503, 475, 1738, 901, 1071]","['sync_1872', 'sync_1025', 'sync_558', 'sync_172', 'sync_397', 'sync_76', 'sync_231', 'sync_815', 'sync_438', 'sync_1312', 'sync_1165', 'sync_691', 'sync_1682', 'sync_640', 'sync_1195', 'sync_2772', 'sync_488', 'sync_1313', 'sync_1631', 'sync_553', 'sync_577', 'sync_584', 'sync_1443', 'sync_797', 'sync_1681', 'sync_1334', 'sync_401', 'sync_675', 'sync_1687', 'sync_482', 'sync_1385', 'sync_1750', 'sync_1686', 'sync_472', 'sync_130', 'sync_730', 'sync_1756', 'sync_383', 'sync_21', 'sync_506', 'sync_891', 'sync_177', 'sync_90', 'sync_165', 'sync_572', 'sync_503', 'sync_475', 'sync_1738', 'sync_901', 'add_934', 'del_1071']",1_mut,1000,20,0.5,good,2,39.08705925941467,0.3381686210632324,4.4680421352386475,True
94,,"[1584, 1034, 65, 1630, 393, 1387, 1733, 435, 670, 2418, 490, 767, 560, 762, 1, 2489, 2031, 1543, 487, 554, 830, 1467, 2234, 97, 1629, 171, 1540, 1558, 2432, 1530, 137, 3023, 566]","['sync_1584', 'sync_1034', 'sync_65', 'sync_1630', 'sync_393', 'sync_1387', 'sync_1733', 'sync_435', 'sync_670', 'sync_2418', 'sync_490', 'sync_767', 'sync_560', 'sync_762', 'sync_1', 'sync_2489', 'sync_2031', 'sync_1543', 'sync_487', 'sync_554', 'sync_830', 'sync_1467', 'sync_2234', 'sync_97', 'sync_1629', 'sync_171', 'sync_1540', 'sync_1558', 'sync_2432', 'sync_1530', 'sync_137', 'sync_3023', 'del_566', 'add_3109']",1_mut,1000,20,0.5,good,2,38.608290910720825,0.3528146743774414,5.986462116241455,True
95,,"[3690, 1125, 2716, 65, 2661, 2972, 867, 3075, 1391, 3370, 1121, 1749, 1338, 2649, 392, 2686, 377, 501, 114, 1289, 646, 1652, 172, 767, 727, 1762, 454, 83, 1062]","['sync_3690', 'sync_1125', 'sync_2716', 'sync_65', 'sync_2661', 'sync_2972', 'sync_867', 'sync_3075', 'sync_1391', 'sync_3370', 'sync_1121', 'sync_1749', 'sync_1338', 'sync_2649', 'sync_392', 'sync_2686', 'sync_377', 'sync_501', 'sync_114', 'sync_1289', 'sync_646', 'sync_1652', 'sync_172', 'sync_767', 'sync_727', 'sync_1762', 'sync_454', 'sync_83', 'del_1062', 'add_3281']",1_mut,1000,20,0.5,good,2,38.56404495239258,0.14448094367980957,3.508427143096924,True
96,,"[1472, 70, 35, 571, 1645, 199, 426, 503, 696, 397, 865, 1398, 1692, 1453, 8, 1499, 1284, 1502, 30, 536, 2270, 10, 45, 51, 1449, 129, 771, 612, 24, 382, 41, 168, 48, 338, 799, 1099, 27, 171, 3067, 135, 2067, 2127, 85, 1625, 1309, 178, 15, 3, 184, 60]","['sync_1472', 'sync_70', 'sync_35', 'sync_571', 'sync_1645', 'sync_199', 'sync_426', 'sync_503', 'sync_696', 'sync_397', 'sync_865', 'sync_1398', 'sync_1692', 'sync_1453', 'sync_8', 'sync_1499', 'sync_1284', 'sync_1502', 'sync_30', 'sync_536', 'sync_2270', 'sync_10', 'sync_45', 'sync_51', 'sync_1449', 'sync_129', 'sync_771', 'sync_612', 'sync_24', 'sync_382', 'sync_41', 'sync_168', 'sync_48', 'sync_338', 'sync_799', 'sync_1099', 'sync_27', 'sync_171', 'sync_3067', 'sync_135', 'sync_2067', 'sync_2127', 'sync_85', 'sync_1625', 'sync_1309', 'sync_178', 'sync_15', 'sync_3', 'sync_184', 'del_60', 'add_868']",1_mut,1000,20,0.5,good,2,39.08292818069458,0.4839150905609131,8.719310760498047,True
97,,"[48, 112, 1728, 663, 1964, 1731, 202, 571, 97, 1, 1395, 2031, 1722, 140, 1467, 862, 1272, 1922, 3041, 3178, 1704, 3261, 339, 1284, 586, 1254, 630, 560, 1583, 1613, 259, 59, 293, 2072, 2084, 1452, 1556, 1451, 1159, 1553, 210, 1560, 129, 1146, 460, 896, 127, 126, 3189, 87]","['sync_48', 'sync_112', 'sync_1728', 'sync_663', 'sync_1964', 'sync_1731', 'sync_202', 'sync_571', 'sync_97', 'sync_1', 'sync_1395', 'sync_2031', 'sync_1722', 'sync_140', 'sync_1467', 'sync_862', 'sync_1272', 'sync_1922', 'sync_3041', 'sync_3178', 'sync_1704', 'sync_3261', 'sync_339', 'sync_1284', 'sync_586', 'sync_1254', 'sync_630', 'sync_560', 'sync_1583', 'sync_1613', 'sync_259', 'sync_59', 'sync_293', 'sync_2072', 'sync_2084', 'sync_1452', 'sync_1556', 'sync_1451', 'sync_1159', 'sync_1553', 'sync_210', 'sync_1560', 'sync_129', 'sync_1146', 'sync_460', 'sync_896', 'sync_127', 'sync_126', 'sync_3189', 'del_87', 'add_3162']",1_mut,1000,20,0.5,good,2,38.99773192405701,0.501788854598999,8.047705173492432,True
98,,"[6, 818, 208, 1388, 1128, 2764, 129, 2422, 52, 260, 152, 98, 983, 243, 323, 630, 322, 1466, 1451, 1284, 1492, 247, 39, 1254, 1562, 218, 2301, 586, 429, 2518, 3029]","['sync_6', 'sync_818', 'sync_208', 'sync_1388', 'sync_1128', 'sync_2764', 'sync_129', 'sync_2422', 'sync_52', 'sync_260', 'sync_152', 'sync_98', 'sync_983', 'sync_243', 'sync_323', 'sync_630', 'sync_322', 'sync_1466', 'sync_1451', 'sync_1284', 'sync_1492', 'sync_247', 'sync_39', 'sync_1254', 'sync_1562', 'sync_218', 'sync_2301', 'sync_586', 'sync_429', 'sync_2518', 'del_3029', 'add_3661']",1_mut,1000,20,0.5,bad,2,38.34151792526245,0.34419798851013184,7.298723936080933,True
99,,"[565, 126, 1235, 42, 1369, 28, 909, 652, 1856, 353, 789, 232, 269, 1655, 70, 316, 1559, 920, 502, 436, 1031, 878, 937, 931, 890, 2154, 346, 932, 1791, 95, 801, 871, 899, 916, 494, 351, 135, 930, 881, 892, 874, 877, 509, 1709, 355]","['sync_565', 'sync_126', 'sync_1235', 'sync_42', 'sync_1369', 'sync_28', 'sync_909', 'sync_652', 'sync_1856', 'sync_353', 'sync_789', 'sync_232', 'sync_269', 'sync_1655', 'sync_70', 'sync_316', 'sync_1559', 'sync_920', 'sync_502', 'sync_436', 'sync_1031', 'sync_878', 'sync_937', 'sync_931', 'sync_890', 'sync_2154', 'sync_346', 'sync_932', 'sync_1791', 'sync_95', 'sync_801', 'sync_871', 'sync_899', 'sync_916', 'sync_494', 'sync_351', 'sync_135', 'sync_930', 'sync_881', 'sync_892', 'sync_874', 'sync_877', 'sync_509', 'sync_1709', 'add_250', 'del_355']",1_mut,1000,20,0.5,bad,2,39.220542907714844,0.3898661136627197,8.355293273925781,True
100,,"[771, 1233, 1591, 548, 2152, 6, 2031, 200, 2039, 124, 86, 384, 185, 23, 152, 799, 393, 1298, 45, 1529, 360, 610, 485, 280, 951, 382, 604, 1504, 291, 43, 172, 210, 1110, 1040, 1543, 568, 42, 435, 1024, 762, 137, 63, 79, 671, 412, 1311, 40, 4, 430, 500]","['sync_771', 'sync_1233', 'sync_1591', 'sync_548', 'sync_2152', 'sync_6', 'sync_2031', 'sync_200', 'sync_2039', 'sync_124', 'sync_86', 'sync_384', 'sync_185', 'sync_23', 'sync_152', 'sync_799', 'sync_393', 'sync_1298', 'sync_45', 'sync_1529', 'sync_360', 'sync_610', 'sync_485', 'sync_280', 'sync_951', 'sync_382', 'sync_604', 'sync_1504', 'sync_291', 'sync_43', 'sync_172', 'sync_210', 'sync_1110', 'sync_1040', 'sync_1543', 'sync_568', 'sync_42', 'sync_435', 'sync_1024', 'sync_762', 'sync_137', 'sync_63', 'sync_79', 'sync_671', 'sync_412', 'sync_1311', 'sync_40', 'sync_4', 'sync_430', 'del_500', 'add_3006']",1_mut,1000,20,0.5,bad,2,38.939706325531006,0.5150220394134521,9.100005865097046,True
